#,Type,Object Type,Size class (cm),Number of particles ,State,Observations
1,H,Bag,10 - 50,1,Fragmented,
2,H,Bag,10 - 50,1,Fragmented,
3,H,Bag,10 - 50,2,Fragmented,
4,H,Bag,10 - 50,1,Fragmented,
5,H,Bag,10 - 50,1,Fragmented,
6,H,Bag,10 - 50,1,Fragmented,
7,H,Bag,10 - 50,1,Fragmented,
8,H,Bag,10 - 50,2,Fragmented,
9,H,Bag,10 - 50,1,Fragmented,
10,H,Bag,10 - 50,1,Fragmented,
11,H,Bag,10 - 50,1,Fragmented,
12,H,Bag,10 - 50,1,Fragmented,
13,H,Bag,5 - 10,1,Fragmented,
14,H,Bag,5 - 10,1,Fragmented,
15,H,Bag,1.5 - 5,1,Fragmented,
16,H,Bag,1.5 - 5,1,Fragmented,
17,H,Bag,1.5 - 5,1,Fragmented,
18,H,Bag,0.5 - 1.5,3,Fragmented,
19,H,Bag,0.5 - 1.5,2,Fragmented,
20,H,Bag,0.5 - 1.5,1,Fragmented,
21,H,Bag,0.5 - 1.5,1,Fragmented,
22,H,Bag,0.5 - 1.5,1,Fragmented,
23,H,Ball,5 - 10,1,Entire,
24,H,Ball,5 - 10,1,Fragmented,
25,H,Ball,0.5 - 1.5,1,Entire,
26,H,Ball,0.5 - 1.5,1,Entire,
27,H,Ball,0.5 - 1.5,3,Entire,
28,H,Ball,0.5 - 1.5,1,Entire,
29,H,Ball,0.5 - 1.5,1,Entire,
30,H,Ball,0.5 - 1.5,1,Entire,
31,H,Ball,0.5 - 1.5,1,Entire,
32,H,Ball,0.5 - 1.5,1,Entire,
33,H,Ball,0.5 - 1.5,1,Entire,
34,H,Ball,0.5 - 1.5,1,Entire,
35,H,Ball,0.5 - 1.5,1,Fragmented,
36,H,Ball,0.5 - 1.5,1,Fragmented,
37,H,Ball,0.5 - 1.5,1,Fragmented,gun ball?
38,H,Bike pedal,5 - 10,1,Entire,
39,H,Bike pedal,5 - 10,1,Fragmented,
40,H,Bottle,10 - 50,1,Entire,
41,H,Bottle,10 - 50,1,Entire,
42,H,Bottle,10 - 50,1,Entire,
43,H,Bottle,10 - 50,1,Entire,
44,H,Bottle,10 - 50,2,Entire,
45,H,Bottle,10 - 50,1,Entire,
46,H,Bottle,10 - 50,3,Entire,
47,H,Bottle,10 - 50,2,Entire,
48,H,Bottle,10 - 50,1,Entire,
49,H,Bottle,10 - 50,1,Entire,
50,H,Bottle,10 - 50,2,Entire,
51,H,Bottle,10 - 50,1,Entire,
52,H,Bottle,10 - 50,1,Entire,
53,H,Bottle,10 - 50,2,Entire,
54,H,Bottle,10 - 50,1,Entire,
55,H,Bottle,10 - 50,1,Entire,
56,H,Bottle,10 - 50,1,Entire,
57,H,Bottle,10 - 50,1,Entire,
58,H,Bottle,10 - 50,1,Fragmented,
59,H,Bottle,10 - 50,1,Fragmented,
60,H,Bottle,10 - 50,1,Fragmented,
61,H,Bottle,10 - 50,5,Fragmented,
62,H,Bottle,10 - 50,4,Fragmented,
63,H,Bottle,10 - 50,2,Fragmented,
64,H,Bottle,10 - 50,8,Fragmented,
65,H,Bottle,10 - 50,2,Fragmented,
66,H,Bottle,10 - 50,2,Fragmented,
67,H,Bottle,10 - 50,1,Fragmented,
68,H,Bottle,10 - 50,3,Fragmented,
69,H,Bottle,10 - 50,1,Fragmented,
70,H,Bottle,10 - 50,3,Fragmented,
71,H,Bottle,10 - 50,5,Fragmented,
72,H,Bottle,10 - 50,4,Fragmented,
73,H,Bottle,10 - 50,1,Fragmented,
74,H,Bottle,10 - 50,1,Fragmented,
75,H,Bottle,10 - 50,1,Fragmented,
76,H,Bottle,10 - 50,3,Fragmented,
77,H,Bottle,10 - 50,3,Fragmented,
78,H,Bottle,10 - 50,1,Fragmented,
79,H,Bottle,10 - 50,1,Fragmented,
80,H,Bottle,10 - 50,1,Fragmented,
81,H,Bottle,10 - 50,5,Fragmented,
82,H,Bottle,10 - 50,2,Fragmented,
83,H,Bottle,10 - 50,4,Fragmented,
84,H,Bottle,10 - 50,3,Fragmented,
85,H,Bottle,10 - 50,1,Fragmented,
86,H,Bottle,10 - 50,3,Fragmented,
87,H,Bottle,10 - 50,2,Fragmented,
88,H,Bottle,10 - 50,2,Fragmented,
89,H,Bottle,10 - 50,1,Fragmented,
90,H,Bottle,10 - 50,2,Fragmented,
91,H,Bottle,10 - 50,2,Fragmented,
92,H,Bottle,10 - 50,1,Fragmented,
93,H,Bottle,5 - 10,1,Entire,
94,H,Bottle,5 - 10,1,Entire,
95,H,Bottle,5 - 10,1,Fragmented,
96,H,Bottle,5 - 10,6,Fragmented,
97,H,Bottle,5 - 10,1,Fragmented,
98,H,Bottle,5 - 10,2,Fragmented,
99,H,Bottle,5 - 10,6,Fragmented,
100,H,Bottle,5 - 10,2,Fragmented,
101,H,Bottle,5 - 10,1,Fragmented,
102,H,Bottle,5 - 10,3,Fragmented,
103,H,Bottle,5 - 10,4,Fragmented,
104,H,Bottle,5 - 10,2,Fragmented,
105,H,Bottle,5 - 10,1,Fragmented,
106,H,Bottle,5 - 10,2,Fragmented,
107,H,Bottle,5 - 10,3,Fragmented,
108,H,Bottle,5 - 10,3,Fragmented,
109,H,Bottle,5 - 10,2,Fragmented,
110,H,Bottle,5 - 10,1,Fragmented,
111,H,Bottle,5 - 10,1,Fragmented,
112,H,Bottle,5 - 10,2,Fragmented,
113,H,Bottle,5 - 10,4,Fragmented,
114,H,Bottle,5 - 10,3,Fragmented,
115,H,Bottle,5 - 10,3,Fragmented,
116,H,Bottle,5 - 10,2,Fragmented,
117,H,Bottle,5 - 10,2,Fragmented,
118,H,Bottle,5 - 10,3,Fragmented,
119,H,Bottle,5 - 10,2,Fragmented,
120,H,Bottle,5 - 10,1,Fragmented,
121,H,Bottle,5 - 10,2,Fragmented,
122,H,Bottle,5 - 10,2,Fragmented,
123,H,Bottle,5 - 10,1,Fragmented,
124,H,Bottle,5 - 10,3,Fragmented,
125,H,Bottle,5 - 10,2,Fragmented,
126,H,Bottle,5 - 10,1,Fragmented,
127,H,Bottle,5 - 10,1,Fragmented,
128,H,Bottle,5 - 10,1,Fragmented,
129,H,Bottle,5 - 10,1,Fragmented,
130,H,Bottle,5 - 10,3,Fragmented,
131,H,Bottle,1.5 - 5,1,Fragmented,
132,H,Bottle,1.5 - 5,1,Fragmented,
133,H,Bottle,1.5 - 5,1,Fragmented,
134,H,Bottle,1.5 - 5,1,Fragmented,
135,H,Bottle,1.5 - 5,1,Fragmented,
136,H,Bottle,1.5 - 5,1,Fragmented,
137,H,Bottle,1.5 - 5,1,Fragmented,
138,H,Bottle,1.5 - 5,1,Fragmented,
139,H,Bottle,1.5 - 5,1,Fragmented,
140,H,Bottle,1.5 - 5,1,Fragmented,
141,H,Bottle,1.5 - 5,1,Fragmented,
142,H,Bottle,0.5 - 1.5,1,Fragmented,
143,H,Bottle,0.5 - 1.5,1,Fragmented,
144,H,Bottle,0.5 - 1.5,1,Fragmented,
145,H,Bottle,0.5 - 1.5,1,Fragmented,
146,H,Bottle,0.5 - 1.5,1,Fragmented,
147,H,Bottle,0.5 - 1.5,1,Fragmented,
148,H,Bottle,0.5 - 1.5,1,Fragmented,
149,H,Bottle,0.5 - 1.5,1,Fragmented,
150,H,Bottle,0.5 - 1.5,3,Fragmented,
151,H,Bottle,0.5 - 1.5,1,Fragmented,
152,H,Bottle,0.5 - 1.5,1,Fragmented,
153,H,Bottle,0.5 - 1.5,1,Fragmented,
154,H,Bottle lid,5 - 10,1,Fragmented,Bottle lid ring
155,H,Bottle lid,5 - 10,1,Entire,
156,H,Bottle lid,5 - 10,2,Fragmented,
157,H,Bottle lid,5 - 10,1,Fragmented,
158,H,Bottle lid,5 - 10,1,Fragmented,
159,H,Bottle lid,1.5 - 5,1,Entire,
160,H,Bottle lid,1.5 - 5,1,Entire,
161,H,Bottle lid,1.5 - 5,2,Entire,
162,H,Bottle lid,1.5 - 5,1,Entire,
163,H,Bottle lid,1.5 - 5,2,Entire,
164,H,Bottle lid,1.5 - 5,1,Entire,
165,H,Bottle lid,1.5 - 5,1,Entire,
166,H,Bottle lid,1.5 - 5,2,Entire,
167,H,Bottle lid,1.5 - 5,4,Entire,
168,H,Bottle lid,1.5 - 5,1,Entire,
169,H,Bottle lid,1.5 - 5,2,Entire,
170,H,Bottle lid,1.5 - 5,1,Entire,
171,H,Bottle lid,1.5 - 5,1,Entire,
172,H,Bottle lid,1.5 - 5,1,Fragmented,
173,H,Bottle lid,1.5 - 5,2,Fragmented,
174,H,Bottle lid,1.5 - 5,1,Fragmented,
175,H,Bottle lid,1.5 - 5,7,Fragmented,
176,H,Bottle lid,1.5 - 5,1,Fragmented,
177,H,Bottle lid,1.5 - 5,1,Fragmented,
178,H,Bottle lid,1.5 - 5,1,Fragmented,
179,H,Bottle lid,1.5 - 5,1,Fragmented,
180,H,Bottle lid,1.5 - 5,5,Fragmented,
181,H,Bottle lid,1.5 - 5,1,Fragmented,
182,H,Bottle lid,1.5 - 5,3,Fragmented,
183,H,Bottle lid,1.5 - 5,1,Fragmented,
184,H,Bottle lid,1.5 - 5,1,Fragmented,
185,H,Bottle lid,1.5 - 5,1,Fragmented,
186,H,Bottle lid,1.5 - 5,3,Fragmented,
187,H,Bottle lid,1.5 - 5,2,Fragmented,
188,H,Bottle lid,1.5 - 5,1,Fragmented,
189,H,Bottle lid,1.5 - 5,1,Fragmented,
190,H,Bottle lid,0.5 - 1.5,1,Fragmented,
191,H,Bottle lid,0.5 - 1.5,2,Entire,
192,H,Bottle lid,0.5 - 1.5,1,Entire,
193,H,Bottle lid,0.5 - 1.5,1,Fragmented,
194,H,Bottle lid,0.5 - 1.5,3,Fragmented,
195,H,Bottle lid,0.5 - 1.5,2,Fragmented,
196,H,Bottle lid,0.5 - 1.5,2,Fragmented,
197,H,Bottle lid,0.5 - 1.5,2,Fragmented,
198,H,Bottle lid,0.5 - 1.5,2,Fragmented,
199,H,Bottle lid,0.5 - 1.5,1,Fragmented,
200,H,Bottle lid,0.5 - 1.5,2,Fragmented,
201,H,Bottle lid,0.5 - 1.5,2,Fragmented,
202,H,Bottle lid,0.5 - 1.5,1,Fragmented,
203,H,Bottle lid,0.5 - 1.5,2,Fragmented,
204,H,Bottle lid,0.5 - 1.5,2,Fragmented,
205,H,Bottle lid,0.5 - 1.5,3,Fragmented,
206,H,Bottle lid,0.5 - 1.5,1,Fragmented,
207,H,Bottle lid,0.5 - 1.5,1,Fragmented,
208,H,Bottle lid,0.5 - 1.5,2,Fragmented,
209,H,Bottle lid,0.5 - 1.5,2,Fragmented,
210,H,Bottle lid,0.5 - 1.5,1,Fragmented,
211,H,Bottle lid,0.5 - 1.5,1,Fragmented,
212,H,Bottle lid,0.5 - 1.5,1,Fragmented,
213,H,Bottle lid,0.5 - 1.5,3,Fragmented,
214,H,Bottle lid,0.5 - 1.5,1,Fragmented,
215,H,Bottle lid,0.5 - 1.5,2,Fragmented,
216,H,Bottle lid,0.5 - 1.5,3,Fragmented,
217,H,Bottle lid,0.5 - 1.5,1,Fragmented,
218,H,Bottle lid,0.5 - 1.5,3,Fragmented,
219,H,Bottle lid,0.5 - 1.5,4,Fragmented,
220,H,Bottle lid,0.5 - 1.5,5,Fragmented,
221,H,Brush,10 - 50,1,Entire,Brush
222,H,Brush,10 - 50,1,Fragmented,brush
223,H,Brush,5 - 10,1,Fragmented,Brush
224,H,Buoy,> 50,1,Fragmented,
225,H,Buoy,> 50,1,Entire,
226,H,Buoy,10 - 50,1,Entire,
227,H,Buoy,10 - 50,2,Entire,
228,H,Buoy,10 - 50,1,Entire,
229,H,Buoy,10 - 50,1,Entire,
230,H,Buoy,10 - 50,2,Entire,
231,H,Buoy,10 - 50,1,Entire,
232,H,Buoy,10 - 50,1,Entire,
233,H,Buoy,10 - 50,2,Entire,
234,H,Buoy,10 - 50,1,Entire,
235,H,Buoy,10 - 50,2,Fragmented,
236,H,Buoy,10 - 50,1,Fragmented,
237,H,Buoy,10 - 50,1,Fragmented,
238,H,Buoy,10 - 50,1,Fragmented,
239,H,Buoy,10 - 50,2,Fragmented,
240,H,Buoy,10 - 50,1,Fragmented,
241,H,Buoy,10 - 50,1,Fragmented,
242,H,Buoy,10 - 50,1,Fragmented,
243,H,Buoy,10 - 50,1,Fragmented,
244,H,Buoy,10 - 50,1,Fragmented,
245,H,Buoy,10 - 50,2,Fragmented,
246,H,Buoy,10 - 50,1,Fragmented,
247,H,Buoy,10 - 50,1,Fragmented,
248,H,Buoy,10 - 50,2,Fragmented,
249,H,Buoy,10 - 50,2,Fragmented,
250,H,Buoy,10 - 50,1,Fragmented,
251,H,Buoy,10 - 50,1,Fragmented,
252,H,Buoy,10 - 50,1,Fragmented,
253,H,Buoy,10 - 50,3,Fragmented,
254,H,Buoy,10 - 50,1,Fragmented,
255,H,Buoy,10 - 50,1,Fragmented,
256,H,Buoy,10 - 50,1,Fragmented,
257,H,Buoy,10 - 50,1,Fragmented,
258,H,Buoy,5 - 10,1,Entire,
259,H,Buoy,5 - 10,2,Entire,
260,H,Buoy,5 - 10,1,Entire,
261,H,Buoy,5 - 10,1,Entire,
262,H,Buoy,5 - 10,1,Entire,
263,H,Buoy,5 - 10,1,Fragmented,
264,H,Buoy,5 - 10,1,Fragmented,
265,H,Buoy,5 - 10,1,Fragmented,
266,H,Buoy,5 - 10,2,Fragmented,
267,H,Buoy,5 - 10,1,Fragmented,
268,H,Buoy,5 - 10,1,Fragmented,
269,H,Buoy,5 - 10,1,Fragmented,
270,H,Buoy,1.5 - 5,1,Entire,
271,H,Buoy,1.5 - 5,1,Entire,
272,H,Buoy,1.5 - 5,1,Entire,
273,H,Car mat,10 - 50,1,Entire,Car mat
274,H,Cloth hanger,10 - 50,1,Entire,
275,H,Cloth hanger,10 - 50,1,Entire,
276,H,Cloth hanger,10 - 50,1,Fragmented,
277,H,Cloth hanger,10 - 50,1,Fragmented,
278,H,Cloth hanger,10 - 50,1,Fragmented,
279,H,Cloth hanger,5 - 10,1,Fragmented,
280,H,Cloth hanger,1.5 - 5,1,Entire,
281,H,Comb,10 - 50,1,Fragmented,
282,H,Comb,10 - 50,1,Fragmented,
283,H,Comb,10 - 50,1,Fragmented,
284,H,Comb,10 - 50,2,Fragmented,
285,H,Comb,5 - 10,1,Fragmented,
286,H,Container,> 50,1,Entire,Crate
287,H,Container,> 50,1,Fragmented,Crate
288,H,Container,> 50,1,Entire,Crate
289,H,Container,> 50,1,Fragmented,Crate
290,H,Container,> 50,1,Entire,Crate
291,H,Container,> 50,1,Fragmented,Crate
292,H,Container,> 50,1,Entire,Crate
293,H,Container,> 50,1,Entire,Crate
294,H,Container,> 50,1,Fragmented,Crate
295,H,Container,> 50,1,Entire,Crate
296,H,Container,10 - 50,1,Entire,Crate
297,H,Container,10 - 50,1,Entire,Crate
298,H,Container,10 - 50,1,Entire,Crate
299,H,Container,10 - 50,1,Fragmented,Crate
300,H,Container,10 - 50,1,Fragmented,Crate
301,H,Container,10 - 50,1,Fragmented,Crate
302,H,Container,10 - 50,4,Fragmented,Crate
303,H,Container,10 - 50,2,Fragmented,Crate
304,H,Container,10 - 50,3,Fragmented,Crate
305,H,Container,10 - 50,2,Fragmented,Crate
306,H,Container,10 - 50,1,Fragmented,Crate
307,H,Container,10 - 50,4,Fragmented,Crate
308,H,Container,10 - 50,1,Fragmented,Crate
309,H,Container,10 - 50,6,Fragmented,Crate
310,H,Container,10 - 50,1,Fragmented,Crate
311,H,Container,10 - 50,1,Fragmented,Crate
312,H,Container,10 - 50,1,Fragmented,Crate
313,H,Container,10 - 50,4,Fragmented,Crate
314,H,Container,10 - 50,2,Fragmented,Crate
315,H,Container,10 - 50,11,Fragmented,Crate
316,H,Container,10 - 50,1,Fragmented,Crate
317,H,Container,10 - 50,1,Fragmented,Crate
318,H,Container,10 - 50,2,Fragmented,Crate
319,H,Container,10 - 50,1,Fragmented,Crate
320,H,Container,10 - 50,2,Fragmented,Crate
321,H,Container,10 - 50,4,Fragmented,Crate
322,H,Container,10 - 50,2,Fragmented,Crate
323,H,Container,10 - 50,5,Fragmented,Crate
324,H,Container,10 - 50,3,Fragmented,Crate
325,H,Container,10 - 50,10,Fragmented,Crate
326,H,Container,10 - 50,3,Fragmented,Crate
327,H,Container,10 - 50,2,Fragmented,Crate
328,H,Container,10 - 50,6,Fragmented,Crate
329,H,Container,10 - 50,2,Fragmented,Crate
330,H,Container,10 - 50,2,Fragmented,Crate
331,H,Container,10 - 50,2,Fragmented,Crate
332,H,Container,10 - 50,1,Fragmented,Crate
333,H,Container,10 - 50,2,Fragmented,Crate
334,H,Container,10 - 50,1,Fragmented,Crate
335,H,Container,10 - 50,1,Fragmented,Crate
336,H,Container,10 - 50,1,Fragmented,Crate
337,H,Container,10 - 50,4,Fragmented,Crate
338,H,Container,10 - 50,1,Fragmented,Crate
339,H,Container,10 - 50,2,Fragmented,Crate
340,H,Container,10 - 50,5,Fragmented,Crate
341,H,Container,10 - 50,1,Entire,
342,H,Container,10 - 50,1,Entire,
343,H,Container,10 - 50,1,Entire,
344,H,Container,10 - 50,1,Entire,
345,H,Container,10 - 50,1,Entire,
346,H,Container,10 - 50,1,Entire,
347,H,Container,10 - 50,1,Fragmented,
348,H,Container,10 - 50,1,Fragmented,
349,H,Container,10 - 50,3,Fragmented,
350,H,Container,10 - 50,1,Fragmented,
351,H,Container,10 - 50,2,Fragmented,
352,H,Container,10 - 50,1,Fragmented,
353,H,Container,10 - 50,3,Fragmented,
354,H,Container,10 - 50,1,Fragmented,
355,H,Container,10 - 50,1,Fragmented,
356,H,Container,10 - 50,1,Fragmented,
357,H,Container,10 - 50,2,Fragmented,
358,H,Container,10 - 50,4,Fragmented,
359,H,Container,10 - 50,5,Fragmented,
360,H,Container,10 - 50,4,Fragmented,
361,H,Container,10 - 50,1,Fragmented,
362,H,Container,10 - 50,1,Fragmented,
363,H,Container,10 - 50,1,Fragmented,
364,H,Container,10 - 50,1,Fragmented,
365,H,Container,10 - 50,2,Fragmented,
366,H,Container,10 - 50,2,Fragmented,
367,H,Container,10 - 50,3,Fragmented,
368,H,Container,10 - 50,1,Fragmented,
369,H,Container,10 - 50,1,Fragmented,
370,H,Container,10 - 50,4,Fragmented,
371,H,Container,10 - 50,3,Fragmented,
372,H,Container,10 - 50,1,Fragmented,
373,H,Container,10 - 50,3,Fragmented,
374,H,Container,10 - 50,1,Fragmented,
375,H,Container,10 - 50,1,Fragmented,
376,H,Container,10 - 50,1,Fragmented,
377,H,Container,10 - 50,2,Fragmented,
378,H,Container,10 - 50,3,Fragmented,
379,H,Container,10 - 50,1,Fragmented,
380,H,Container,10 - 50,1,Fragmented,
381,H,Container,10 - 50,1,Fragmented,
382,H,Container,5 - 10,1,Fragmented,Crate
383,H,Container,5 - 10,1,Fragmented,Crate
384,H,Container,5 - 10,2,Fragmented,Crate
385,H,Container,5 - 10,2,Fragmented,Crate
386,H,Container,5 - 10,1,Fragmented,Crate
387,H,Container,5 - 10,1,Fragmented,Crate
388,H,Container,5 - 10,2,Fragmented,Crate
389,H,Container,5 - 10,1,Fragmented,Crate
390,H,Container,5 - 10,2,Fragmented,Crate
391,H,Container,5 - 10,1,Fragmented,Crate
392,H,Container,5 - 10,1,Fragmented,Crate
393,H,Container,5 - 10,2,Fragmented,Crate
394,H,Container,5 - 10,1,Fragmented,Crate
395,H,Container,5 - 10,1,Fragmented,Crate
396,H,Container,5 - 10,2,Fragmented,Crate
397,H,Container,5 - 10,1,Fragmented,Crate
398,H,Container,5 - 10,1,Fragmented,Crate
399,H,Container,5 - 10,2,Fragmented,Crate
400,H,Container,5 - 10,2,Fragmented,Crate
401,H,Container,5 - 10,3,Fragmented,Crate
402,H,Container,5 - 10,3,Fragmented,Crate
403,H,Container,5 - 10,1,Entire,
404,H,Container,5 - 10,1,Fragmented,
405,H,Container,5 - 10,3,Fragmented,
406,H,Container,5 - 10,2,Fragmented,
407,H,Container,5 - 10,1,Fragmented,
408,H,Container,5 - 10,3,Fragmented,
409,H,Container,5 - 10,1,Fragmented,
410,H,Container,5 - 10,2,Fragmented,
411,H,Container,5 - 10,1,Fragmented,
412,H,Container,5 - 10,1,Fragmented,
413,H,Container,5 - 10,1,Fragmented,
414,H,Container,5 - 10,1,Fragmented,
415,H,Container,5 - 10,1,Fragmented,
416,H,Container,1.5 - 5,1,Entire,Medicine pot
417,H,Container,1.5 - 5,1,Fragmented,Crate
418,H,Container,1.5 - 5,1,Fragmented,Crate
419,H,Container,1.5 - 5,3,Fragmented,Crate
420,H,Container,1.5 - 5,1,Fragmented,Crate
421,H,Container,1.5 - 5,1,Fragmented,Crate
422,H,Container,1.5 - 5,1,Fragmented,Crate
423,H,Container,1.5 - 5,1,Fragmented,Crate
424,H,Container,1.5 - 5,1,Fragmented,
425,H,Container,0.5 - 1.5,1,Fragmented,Crate
426,H,Container,0.5 - 1.5,3,Fragmented,Crate
427,H,Container,0.5 - 1.5,1,Fragmented,
428,H,Container Lid,> 50,1,Fragmented,Big sieve (water filter)?
429,H,Container lid,10 - 50,1,Entire,Lid of a jug
430,H,Container lid,10 - 50,1,Entire,
431,H,Container lid,10 - 50,1,Entire,Big lid
432,H,Container lid,10 - 50,1,Entire,
433,H,Container lid,10 - 50,1,Entire,
434,H,Container lid,10 - 50,1,Entire,Lid freezer camping bag
435,H,Container lid,10 - 50,1,Entire,
436,H,Container lid,10 - 50,1,Entire,Lid box (or car part)
437,H,Container lid,10 - 50,1,Fragmented,
438,H,Container lid,10 - 50,1,Fragmented,
439,H,Container lid,10 - 50,1,Fragmented,
440,H,Container lid,10 - 50,1,Fragmented,
441,H,Container lid,10 - 50,1,Fragmented,
442,H,Container lid,10 - 50,2,Fragmented,
443,H,Container lid,10 - 50,1,Fragmented,
444,H,Container Lid,10 - 50,1,Entire,Bin cover
445,H,Container lid,5 - 10,1,Entire,
446,H,Container lid,5 - 10,1,Entire,
447,H,Container lid,5 - 10,1,Entire,
448,H,Container lid,5 - 10,4,Entire,
449,H,Container lid,5 - 10,2,Entire,
450,H,Container lid,5 - 10,1,Entire,
451,H,Container lid,5 - 10,2,Entire,
452,H,Container lid,5 - 10,1,Entire,
453,H,Container lid,5 - 10,1,Entire,
454,H,Container lid,5 - 10,2,Entire,
455,H,Container lid,5 - 10,1,Entire,
456,H,Container lid,5 - 10,1,Entire,
457,H,Container lid,5 - 10,1,Fragmented,
458,H,Container lid,5 - 10,4,Fragmented,
459,H,Container lid,5 - 10,1,Fragmented,
460,H,Container lid,5 - 10,1,Fragmented,
461,H,Container lid,5 - 10,1,Fragmented,
462,H,Container lid,5 - 10,1,Fragmented,
463,H,Container lid,5 - 10,1,Fragmented,
464,H,Container lid,5 - 10,2,Fragmented,
465,H,Container lid,5 - 10,2,Fragmented,
466,H,Container lid,5 - 10,1,Fragmented,
467,H,Container lid,5 - 10,1,Fragmented,
468,H,Container lid,5 - 10,1,Fragmented,
469,H,Container lid,5 - 10,2,Fragmented,
470,H,Container lid,5 - 10,1,Fragmented,
471,H,Container lid,5 - 10,2,Fragmented,
472,H,Container lid,5 - 10,2,Fragmented,
473,H,Container lid,5 - 10,2,Fragmented,
474,H,Container lid,5 - 10,3,Fragmented,
475,H,Container lid,5 - 10,6,Fragmented,
476,H,Container lid,5 - 10,2,Fragmented,
477,H,Container lid,5 - 10,2,Fragmented,1 Lid salt/pepper
478,H,Container lid,5 - 10,1,Fragmented,Lid shower gel
479,H,Container lid,5 - 10,1,Fragmented,
480,H,Container lid,5 - 10,3,Fragmented,
481,H,Container lid,5 - 10,1,Fragmented,
482,H,Container lid,5 - 10,1,Fragmented,
483,H,Container lid,5 - 10,1,Fragmented,
484,H,Container lid,5 - 10,1,Fragmented,
485,H,Container lid,5 - 10,1,Fragmented,
486,H,Container lid,1.5 - 5,3,Entire,
487,H,Container lid,1.5 - 5,4,Entire,
488,H,Container lid,1.5 - 5,1,Entire,
489,H,Container lid,1.5 - 5,2,Entire,
490,H,Container lid,1.5 - 5,2,Fragmented,
491,H,Container lid,1.5 - 5,1,Fragmented,
492,H,Container lid,1.5 - 5,2,Fragmented,
493,H,Container lid,1.5 - 5,1,Fragmented,
494,H,Container lid,1.5 - 5,2,Fragmented,
495,H,Container lid,1.5 - 5,1,Fragmented,
496,H,Container lid,1.5 - 5,1,Fragmented,
497,H,Container lid,1.5 - 5,1,Fragmented,
498,H,Container lid,1.5 - 5,1,Fragmented,
499,H,Container lid,1.5 - 5,1,Fragmented,
500,H,Container lid,1.5 - 5,1,Fragmented,
501,H,Container lid,1.5 - 5,2,Fragmented,
502,H,Container lid,1.5 - 5,1,Fragmented,
503,H,Container lid,1.5 - 5,1,Fragmented,
504,H,Container lid,1.5 - 5,1,Fragmented,
505,H,Container lid,1.5 - 5,3,Fragmented,
506,H,Container lid,1.5 - 5,1,Fragmented,
507,H,Container lid,0.5 - 1.5,1,Entire,
508,H,Container lid,0.5 - 1.5,1,Entire,
509,H,Container lid,0.5 - 1.5,1,Entire,
510,H,Container lid,0.5 - 1.5,1,Entire,
511,H,Container lid,0.5 - 1.5,2,Entire,
512,H,Container lid,0.5 - 1.5,1,Entire,
513,H,Container lid,0.5 - 1.5,1,Entire,
514,H,Container lid,0.5 - 1.5,1,Entire,
515,H,Container lid,0.5 - 1.5,1,Fragmented,
516,H,Container lid,0.5 - 1.5,2,Fragmented,
517,H,Container lid,0.5 - 1.5,2,Fragmented,
518,H,Container lid,0.5 - 1.5,2,Fragmented,
519,H,Container lid,0.5 - 1.5,5,Fragmented,
520,H,Container lid,0.5 - 1.5,2,Fragmented,
521,H,Container lid,0.5 - 1.5,2,Fragmented,
522,H,Container lid,0.5 - 1.5,4,Fragmented,
523,H,Container lid,0.5 - 1.5,1,Fragmented,
524,H,Container lid,0.5 - 1.5,3,Fragmented,
525,H,Container lid,0.5 - 1.5,1,Fragmented,
526,H,Container lid,0.5 - 1.5,2,Fragmented,
527,H,Container lid,0.5 - 1.5,1,Fragmented,
528,H,Container lid,0.5 - 1.5,1,Fragmented,
529,H,Container lid,0.5 - 1.5,2,Fragmented,
530,H,Container lid,0.5 - 1.5,2,Fragmented,
531,H,Container lid,0.5 - 1.5,1,Fragmented,
532,H,Container lid,0.5 - 1.5,1,Fragmented,
533,H,Container lid,0.5 - 1.5,3,Fragmented,
534,H,Container lid,0.5 - 1.5,2,Fragmented,
535,H,Cup,10 - 50,1,Fragmented,Measuring cup
536,H,Cup,10 - 50,1,Fragmented,
537,H,Cup,5 - 10,1,Fragmented,
538,H,Cup,5 - 10,2,Fragmented,
539,H,Cup,5 - 10,1,Fragmented,
540,H,Cutting board,10 - 50,1,Entire,Cutting board
541,H,Doorstopper,5 - 10,1,Fragmented,
542,H,DVD box,10 - 50,1,Fragmented,
543,H,DVD Box,10 - 50,1,Fragmented,
544,H,DVD box,10 - 50,1,Fragmented,CD box
545,H,DVD box,10 - 50,1,Fragmented,
546,H,DVD box,10 - 50,1,Fragmented,
547,H,DVD box,10 - 50,1,Fragmented,
548,H,Edge protector,1.5 - 5,1,Entire,
549,H,Edge protector,1.5 - 5,1,Fragmented,
550,H,Edge protector,1.5 - 5,1,Fragmented,
551,H,Egg box,10 - 50,1,Fragmented,
552,H,Egg box,10 - 50,1,Fragmented,
553,H,Egg box,10 - 50,1,Fragmented,
554,H,Egg box,10 - 50,1,Fragmented,
555,H,Egg box,5 - 10,1,Fragmented,
556,H,Fake grass,10 - 50,1,Fragmented,
557,H,Fake grass,1.5 - 5,1,Fragmented,
558,H,Fake grass,1.5 - 5,1,Fragmented,
559,H,Fake grass,1.5 - 5,1,Fragmented,
560,H,Fake plant,5 - 10,1,Fragmented,
561,H,Film fragment,> 50,1,Fragmented,
562,H,Film fragment,> 50,1,Fragmented,
563,H,Film fragment,> 50,1,Fragmented,
564,H,Film fragment,> 50,1,Fragmented,
565,H,Film fragment,> 50,1,Entire,
566,H,Film fragment,> 50,1,Fragmented,
567,H,Film fragment,> 50,1,Fragmented,
568,H,Film fragment,> 50,1,Fragmented,
569,H,Film fragment,> 50,1,Fragmented,
570,H,Film fragment,> 50,1,Fragmented,
571,H,Film fragment,10 - 50,1,Fragmented,
572,H,Film fragment,10 - 50,1,Fragmented,
573,H,Film fragment,10 - 50,1,Fragmented,
574,H,Film fragment,10 - 50,1,Fragmented,
575,H,Film fragment,10 - 50,1,Fragmented,
576,H,Film fragment,10 - 50,2,Fragmented,
577,H,Film fragment,10 - 50,1,Fragmented,
578,H,Film fragment,10 - 50,1,Fragmented,
579,H,Film fragment,10 - 50,1,Fragmented,
580,H,Film fragment,10 - 50,1,Fragmented,
581,H,Film fragment,10 - 50,1,Fragmented,
582,H,Film fragment,10 - 50,1,Fragmented,
583,H,Film fragment,10 - 50,1,Fragmented,
584,H,Film fragment,10 - 50,1,Fragmented,
585,H,Film fragment,10 - 50,2,Fragmented,
586,H,Film fragment,10 - 50,1,Fragmented,
587,H,Film fragment,5 - 10,1,Fragmented,
588,H,Film fragment,5 - 10,1,Fragmented,
589,H,Film fragment,5 - 10,1,Fragmented,
590,H,Film fragment,5 - 10,2,Fragmented,
591,H,Film fragment,5 - 10,1,Fragmented,
592,H,Film fragment,5 - 10,1,Fragmented,
593,H,Film fragment,5 - 10,1,Fragmented,
594,H,Film fragment,1.5 - 5,2,Fragmented,
595,H,Film fragment,1.5 - 5,1,Fragmented,
596,H,Film fragment,1.5 - 5,1,Fragmented,
597,H,Film fragment,1.5 - 5,1,Fragmented,
598,H,Film fragment,1.5 - 5,1,Fragmented,
599,H,Film fragment,1.5 - 5,2,Fragmented,
600,H,Film fragment,1.5 - 5,1,Fragmented,
601,H,Film fragment,1.5 - 5,1,Fragmented,
602,H,Film fragment,1.5 - 5,1,Fragmented,
603,H,Film fragment,1.5 - 5,3,Fragmented,
604,H,Film fragment,1.5 - 5,4,Fragmented,
605,H,Film fragment,1.5 - 5,2,Fragmented,
606,H,Film fragment,0.5 - 1.5,1,Fragmented,
607,H,Film fragment,0.5 - 1.5,1,Fragmented,
608,H,Film fragment,0.5 - 1.5,1,Fragmented,
609,H,Film fragment,0.5 - 1.5,3,Fragmented,
610,H,Film fragment,0.5 - 1.5,3,Fragmented,
611,H,Film fragment,0.5 - 1.5,4,Fragmented,
612,H,Film fragment,0.5 - 1.5,3,Fragmented,
613,H,Film fragment,0.5 - 1.5,1,Fragmented,
614,H,Film fragment,0.5 - 1.5,4,Fragmented,
615,H,Film fragment,0.5 - 1.5,1,Fragmented,
616,H,Film fragment,0.5 - 1.5,1,Fragmented,
617,H,Film fragment,0.5 - 1.5,1,Fragmented,
618,H,Film fragment,0.5 - 1.5,6,Fragmented,
619,H,Film fragment,0.5 - 1.5,4,Fragmented,
620,H,Film fragment,0.5 - 1.5,4,Fragmented,
621,H,Film fragment,0.5 - 1.5,4,Fragmented,
622,H,Film fragment,0.5 - 1.5,4,Fragmented,
623,H,Film fragment,0.5 - 1.5,3,Fragmented,
624,H,Film fragment,0.5 - 1.5,2,Fragmented,
625,H,Film fragment,0.5 - 1.5,1,Fragmented,
626,H,Film fragment,0.5 - 1.5,3,Fragmented,
627,H,Film fragment,0.5 - 1.5,1,Fragmented,
628,H,Film fragment,0.5 - 1.5,2,Fragmented,
629,H,Film fragment,0.5 - 1.5,1,Fragmented,
630,H,Film fragment,0.5 - 1.5,2,Fragmented,
631,H,Film fragment,0.5 - 1.5,1,Fragmented,
632,H,Film fragment,0.5 - 1.5,1,Fragmented,
633,H,Film fragment,0.5 - 1.5,10,Fragmented,
634,H,Film fragment,0.5 - 1.5,10,Fragmented,
635,H,Film fragment,0.5 - 1.5,5,Fragmented,
636,H,Film fragment,0.5 - 1.5,4,Fragmented,
637,H,Film fragment,0.15 - 0.5,20,Fragmented,
638,H,Film fragment,0.15 - 0.5,6,Fragmented,
639,H,Film fragment,0.15 - 0.5,6,Fragmented,
640,H,Film fragment,0.15 - 0.5,11,Fragmented,
641,H,Film fragment,0.15 - 0.5,6,Fragmented,
642,H,Film fragment,0.15 - 0.5,8,Fragmented,
643,H,Film fragment,0.15 - 0.5,15,Fragmented,
644,H,Film fragment,0.15 - 0.5,16,Fragmented,
645,H,Film fragment,0.15 - 0.5,3,Fragmented,
646,H,Film fragment,0.15 - 0.5,9,Fragmented,
647,H,Film fragment,0.15 - 0.5,9,Fragmented,
648,H,Film fragment,0.15 - 0.5,7,Fragmented,
649,H,Film fragment,0.15 - 0.5,8,Fragmented,
650,H,Film fragment,0.15 - 0.5,2,Fragmented,
651,H,Film fragment,0.15 - 0.5,10,Fragmented,
652,H,Film fragment,0.15 - 0.5,9,Fragmented,
653,H,Film fragment,0.15 - 0.5,20,Fragmented,
654,H,Film fragment,0.15 - 0.5,11,Fragmented,
655,H,Film fragment,0.15 - 0.5,6,Fragmented,
656,H,Film fragment,0.15 - 0.5,2,Fragmented,
657,H,Film fragment,0.15 - 0.5,5,Fragmented,
658,H,Film fragment,0.15 - 0.5,1,Fragmented,
659,H,Film fragment,0.15 - 0.5,5,Fragmented,
660,H,Film fragment,0.15 - 0.5,1,Fragmented,
661,H,Film fragment,0.15 - 0.5,4,Fragmented,
662,H,Film fragment,0.15 - 0.5,15,Fragmented,
663,H,Film fragment,0.15 - 0.5,5,Fragmented,
664,H,Film fragment,0.15 - 0.5,21,Fragmented,
665,H,Film fragment,0.15 - 0.5,27,Fragmented,
666,H,Film fragment,0.15 - 0.5,20,Fragmented,
667,H,Film fragment,0.15 - 0.5,4,Fragmented,
668,H,Film fragment,0.15 - 0.5,9,Fragmented,
669,H,Film fragment,0.15 - 0.5,7,Fragmented,
670,H,Film fragment,0.15 - 0.5,2,Fragmented,
671,H,Film fragment,0.15 - 0.5,9,Fragmented,
672,H,Film fragment,0.15 - 0.5,10,Fragmented,
673,H,Film fragment,0.15 - 0.5,3,Fragmented,
674,H,Film fragment,0.15 - 0.5,1,Fragmented,
675,H,Film fragment,0.15 - 0.5,5,Fragmented,
676,H,Film fragment,0.15 - 0.5,20,Fragmented,
677,H,Film fragment,0.15 - 0.5,1,Fragmented,
678,H,Film fragment,0.15 - 0.5,2,Fragmented,
679,H,Film fragment,0.15 - 0.5,1,Fragmented,
680,H,Film fragment,0.15 - 0.5,10,Fragmented,
681,H,Film fragment,0.15 - 0.5,13,Fragmented,
682,H,Film fragment,0.15 - 0.5,3,Fragmented,
683,H,Film fragment,0.15 - 0.5,5,Fragmented,
684,H,Film fragment,0.15 - 0.5,3,Fragmented,
685,H,Film fragment,0.15 - 0.5,4,Fragmented,
686,H,Film fragment,0.15 - 0.5,5,Fragmented,
687,H,Film fragment,0.15 - 0.5,57,Fragmented,
688,H,Film fragment,0.15 - 0.5,55,Fragmented,
689,H,Film fragment,0.15 - 0.5,6,Fragmented,
690,H,Film fragment,0.15 - 0.5,5,Fragmented,
691,H,Film fragment,0.15 - 0.5,5,Fragmented,
692,H,Film fragment,0.15 - 0.5,9,Fragmented,
693,H,Filter,5 - 10,1,Entire,strainer
694,H,Filter,5 - 10,1,Fragmented,strainer
695,H,Fork,10 - 50,1,Fragmented,
696,H,Funnel,10 - 50,1,Entire,
697,H,Funnel,10 - 50,1,Entire,Coffee support for filter
698,H,Funnel,5 - 10,1,Entire,
699,H,Glue stick,1.5 - 5,1,Fragmented,Glue stick
700,H,Hair clip,5 - 10,1,Fragmented,
701,H,Hair clip,5 - 10,1,Entire,Clip
702,H,Handle,10 - 50,1,Entire,Umbrella handle
703,H,Handle,10 - 50,1,Entire,Umbrella handle
704,H,Handle,10 - 50,2,Entire,
705,H,Handle,10 - 50,1,Entire,Knife handle
706,H,Handle,10 - 50,1,Fragmented,Umbrella handle
707,H,Handle,10 - 50,2,Fragmented,
708,H,Handle,10 - 50,1,Fragmented,
709,H,Handle,10 - 50,1,Fragmented,Bucket handle
710,H,Handle,10 - 50,1,Fragmented,
711,H,Handle,10 - 50,1,Fragmented,
712,H,Handle,10 - 50,1,Fragmented,Bucket handle
713,H,Handle,5 - 10,1,Fragmented,
714,H,Handle (razor blade),0.5 - 1.5,1,Fragmented,
715,H,Hard plastic fragment,> 50,1,Fragmented,
716,H,Hard plastic fragment,> 50,1,Fragmented,
717,H,Hard plastic fragment,> 50,1,Fragmented,
718,H,Hard plastic fragment,> 50,1,Fragmented,
719,H,Hard plastic fragment,> 50,1,Fragmented,
720,H,Hard plastic fragment,> 50,2,Fragmented,
721,H,Hard plastic fragment,> 50,1,Fragmented,
722,H,Hard plastic fragment,> 50,1,Fragmented,
723,H,Hard plastic fragment,> 50,2,Fragmented,
724,H,Hard plastic fragment,> 50,2,Fragmented,
725,H,Hard plastic fragment,> 50,1,Fragmented,
726,H,Hard plastic fragment,> 50,1,Fragmented,
727,H,Hard plastic fragment,> 50,2,Fragmented,
728,H,Hard plastic fragment,> 50,1,Fragmented,
729,H,Hard plastic fragment,> 50,1,Fragmented,
730,H,Hard plastic fragment,> 50,2,Fragmented,
731,H,Hard plastic fragment,> 50,1,Fragmented,Sheet
732,H,Hard plastic fragment,> 50,1,Fragmented,
733,H,Hard plastic fragment,> 50,1,Fragmented,
734,H,Hard plastic fragment,> 50,1,Fragmented,
735,H,Hard plastic fragment,> 50,1,Entire,Rectangle
736,H,Hard plastic fragment,> 50,1,Fragmented,
737,H,Hard plastic fragment,> 50,1,Fragmented,
738,H,Hard plastic fragment,> 50,2,Fragmented,
739,H,Hard plastic fragment,> 50,1,Fragmented,
740,H,Hard plastic fragment,> 50,1,Fragmented,
741,H,Hard plastic fragment,> 50,1,Fragmented,
742,H,Hard plastic fragment,> 50,1,Fragmented,tiara?
743,H,Hard plastic fragment,> 50,1,Fragmented,
744,H,Hard plastic fragment,> 50,1,Fragmented,
745,H,Hard plastic fragment,10 - 50,1,Fragmented,
746,H,Hard plastic fragment,10 - 50,8,Fragmented,
747,H,Hard plastic fragment,10 - 50,4,Fragmented,
748,H,Hard plastic fragment,10 - 50,4,Fragmented,
749,H,Hard plastic fragment,10 - 50,9,Fragmented,
750,H,Hard plastic fragment,10 - 50,20,Fragmented,
751,H,Hard plastic fragment,10 - 50,19,Fragmented,
752,H,Hard plastic fragment,10 - 50,7,Fragmented,
753,H,Hard plastic fragment,10 - 50,21,Fragmented,
754,H,Hard plastic fragment,10 - 50,10,Fragmented,
755,H,Hard plastic fragment,10 - 50,26,Fragmented,
756,H,Hard plastic fragment,10 - 50,3,Fragmented,
757,H,Hard plastic fragment,10 - 50,5,Fragmented,
758,H,Hard plastic fragment,10 - 50,13,Fragmented,
759,H,Hard plastic fragment,10 - 50,3,Fragmented,
760,H,Hard plastic fragment,10 - 50,21,Fragmented,
761,H,Hard plastic fragment,10 - 50,11,Fragmented,
762,H,Hard plastic fragment,10 - 50,11,Fragmented,
763,H,Hard plastic fragment,10 - 50,8,Fragmented,
764,H,Hard plastic fragment,10 - 50,8,Fragmented,
765,H,Hard plastic fragment,10 - 50,5,Fragmented,
766,H,Hard plastic fragment,10 - 50,20,Fragmented,
767,H,Hard plastic fragment,10 - 50,15,Fragmented,
768,H,Hard plastic fragment,10 - 50,16,Fragmented,
769,H,Hard plastic fragment,10 - 50,13,Fragmented,
770,H,Hard plastic fragment,10 - 50,21,Fragmented,
771,H,Hard plastic fragment,10 - 50,27,Fragmented,
772,H,Hard plastic fragment,10 - 50,9,Fragmented,
773,H,Hard plastic fragment,10 - 50,5,Fragmented,
774,H,Hard plastic fragment,10 - 50,12,Fragmented,
775,H,Hard plastic fragment,10 - 50,9,Fragmented,
776,H,Hard plastic fragment,10 - 50,5,Fragmented,
777,H,Hard plastic fragment,10 - 50,1,Fragmented,
778,H,Hard plastic fragment,10 - 50,14,Fragmented,
779,H,Hard plastic fragment,10 - 50,5,Fragmented,
780,H,Hard plastic fragment,10 - 50,42,Fragmented,
781,H,Hard plastic fragment,10 - 50,28,Fragmented,
782,H,Hard plastic fragment,10 - 50,24,Fragmented,
783,H,Hard plastic fragment,10 - 50,25,Fragmented,
784,H,Hard plastic fragment,10 - 50,9,Fragmented,
785,H,Hard plastic fragment,10 - 50,25,Fragmented,
786,H,Hard plastic fragment,10 - 50,7,Fragmented,
787,H,Hard plastic fragment,10 - 50,16,Fragmented,
788,H,Hard plastic fragment,10 - 50,27,Fragmented,
789,H,Hard plastic fragment,10 - 50,30,Fragmented,
790,H,Hard plastic fragment,10 - 50,10,Fragmented,
791,H,Hard plastic fragment,10 - 50,9,Fragmented,
792,H,Hard plastic fragment,10 - 50,4,Fragmented,
793,H,Hard plastic fragment,10 - 50,7,Fragmented,
794,H,Hard plastic fragment,10 - 50,2,Fragmented,
795,H,Hard plastic fragment,10 - 50,5,Fragmented,
796,H,Hard plastic fragment,10 - 50,17,Fragmented,
797,H,Hard plastic fragment,10 - 50,10,Fragmented,
798,H,Hard plastic fragment,10 - 50,2,Fragmented,
799,H,Hard plastic fragment,10 - 50,5,Fragmented,
800,H,Hard plastic fragment,10 - 50,11,Fragmented,
801,H,Hard plastic fragment,10 - 50,8,Fragmented,
802,H,Hard plastic fragment,10 - 50,3,Fragmented,
803,H,Hard plastic fragment,10 - 50,6,Fragmented,
804,H,Hard plastic fragment,5 - 10,5,Fragmented,
805,H,Hard plastic fragment,5 - 10,6,Fragmented,
806,H,Hard plastic fragment,5 - 10,1,Fragmented,
807,H,Hard plastic fragment,5 - 10,14,Fragmented,
808,H,Hard plastic fragment,5 - 10,9,Fragmented,
809,H,Hard plastic fragment,5 - 10,2,Fragmented,
810,H,Hard plastic fragment,5 - 10,6,Fragmented,
811,H,Hard plastic fragment,5 - 10,21,Fragmented,
812,H,Hard plastic fragment,5 - 10,18,Fragmented,
813,H,Hard plastic fragment,5 - 10,1,Fragmented,
814,H,Hard plastic fragment,5 - 10,1,Fragmented,
815,H,Hard plastic fragment,5 - 10,14,Fragmented,
816,H,Hard plastic fragment,5 - 10,5,Fragmented,
817,H,Hard plastic fragment,5 - 10,30,Fragmented,
818,H,Hard plastic fragment,5 - 10,19,Fragmented,
819,H,Hard plastic fragment,5 - 10,3,Fragmented,
820,H,Hard plastic fragment,5 - 10,1,Fragmented,
821,H,Hard plastic fragment,5 - 10,10,Fragmented,
822,H,Hard plastic fragment,5 - 10,4,Fragmented,
823,H,Hard plastic fragment,5 - 10,12,Fragmented,
824,H,Hard plastic fragment,5 - 10,15,Fragmented,
825,H,Hard plastic fragment,5 - 10,19,Fragmented,
826,H,Hard plastic fragment,5 - 10,9,Fragmented,
827,H,Hard plastic fragment,5 - 10,26,Fragmented,
828,H,Hard plastic fragment,5 - 10,16,Fragmented,
829,H,Hard plastic fragment,5 - 10,5,Fragmented,
830,H,Hard plastic fragment,5 - 10,1,Fragmented,
831,H,Hard plastic fragment,5 - 10,7,Fragmented,
832,H,Hard plastic fragment,5 - 10,3,Fragmented,
833,H,Hard plastic fragment,5 - 10,11,Fragmented,
834,H,Hard plastic fragment,5 - 10,4,Fragmented,
835,H,Hard plastic fragment,5 - 10,5,Fragmented,
836,H,Hard plastic fragment,5 - 10,5,Fragmented,
837,H,Hard plastic fragment,5 - 10,31,Fragmented,
838,H,Hard plastic fragment,5 - 10,35,Fragmented,
839,H,Hard plastic fragment,5 - 10,10,Fragmented,
840,H,Hard plastic fragment,5 - 10,16,Fragmented,
841,H,Hard plastic fragment,5 - 10,8,Fragmented,
842,H,Hard plastic fragment,5 - 10,25,Fragmented,
843,H,Hard plastic fragment,5 - 10,5,Fragmented,
844,H,Hard plastic fragment,5 - 10,7,Fragmented,
845,H,Hard plastic fragment,5 - 10,14,Fragmented,
846,H,Hard plastic fragment,5 - 10,23,Fragmented,
847,H,Hard plastic fragment,5 - 10,4,Fragmented,
848,H,Hard plastic fragment,5 - 10,5,Fragmented,
849,H,Hard plastic fragment,5 - 10,13,Fragmented,
850,H,Hard plastic fragment,5 - 10,3,Fragmented,
851,H,Hard plastic fragment,5 - 10,3,Fragmented,
852,H,Hard plastic fragment,5 - 10,1,Fragmented,
853,H,Hard plastic fragment,5 - 10,6,Fragmented,
854,H,Hard plastic fragment,5 - 10,4,Fragmented,
855,H,Hard plastic fragment,5 - 10,10,Fragmented,
856,H,Hard plastic fragment,5 - 10,5,Fragmented,
857,H,Hard plastic fragment,5 - 10,3,Fragmented,
858,H,Hard plastic fragment,5 - 10,7,Fragmented,
859,H,Hard plastic fragment,5 - 10,13,Fragmented,
860,H,Hard plastic fragment,5 - 10,10,Fragmented,
861,H,Hard plastic fragment,5 - 10,9,Fragmented,
862,H,Hard plastic fragment,5 - 10,11,Fragmented,
863,H,Hard plastic fragment,1.5 - 5,4,Fragmented,
864,H,Hard plastic fragment,1.5 - 5,6,Fragmented,
865,H,Hard plastic fragment,1.5 - 5,3,Fragmented,
866,H,Hard plastic fragment,1.5 - 5,19,Fragmented,
867,H,Hard plastic fragment,1.5 - 5,49,Fragmented,
868,H,Hard plastic fragment,1.5 - 5,3,Fragmented,
869,H,Hard plastic fragment,1.5 - 5,7,Fragmented,
870,H,Hard plastic fragment,1.5 - 5,8,Fragmented,
871,H,Hard plastic fragment,1.5 - 5,12,Fragmented,
872,H,Hard plastic fragment,1.5 - 5,3,Fragmented,
873,H,Hard plastic fragment,1.5 - 5,9,Fragmented,
874,H,Hard plastic fragment,1.5 - 5,21,Fragmented,
875,H,Hard plastic fragment,1.5 - 5,2,Fragmented,
876,H,Hard plastic fragment,1.5 - 5,56,Fragmented,
877,H,Hard plastic fragment,1.5 - 5,4,Fragmented,
878,H,Hard plastic fragment,1.5 - 5,19,Fragmented,
879,H,Hard plastic fragment,1.5 - 5,3,Fragmented,
880,H,Hard plastic fragment,1.5 - 5,36,Fragmented,
881,H,Hard plastic fragment,1.5 - 5,2,Fragmented,
882,H,Hard plastic fragment,1.5 - 5,42,Fragmented,
883,H,Hard plastic fragment,1.5 - 5,19,Fragmented,
884,H,Hard plastic fragment,1.5 - 5,17,Fragmented,
885,H,Hard plastic fragment,1.5 - 5,13,Fragmented,
886,H,Hard plastic fragment,1.5 - 5,20,Fragmented,
887,H,Hard plastic fragment,1.5 - 5,15,Fragmented,
888,H,Hard plastic fragment,1.5 - 5,3,Fragmented,
889,H,Hard plastic fragment,1.5 - 5,10,Fragmented,
890,H,Hard plastic fragment,1.5 - 5,8,Fragmented,
891,H,Hard plastic fragment,1.5 - 5,12,Fragmented,
892,H,Hard plastic fragment,1.5 - 5,30,Fragmented,
893,H,Hard plastic fragment,1.5 - 5,13,Fragmented,
894,H,Hard plastic fragment,1.5 - 5,10,Fragmented,
895,H,Hard plastic fragment,1.5 - 5,8,Fragmented,
896,H,Hard plastic fragment,1.5 - 5,27,Fragmented,
897,H,Hard plastic fragment,1.5 - 5,33,Fragmented,
898,H,Hard plastic fragment,1.5 - 5,12,Fragmented,
899,H,Hard plastic fragment,1.5 - 5,9,Fragmented,
900,H,Hard plastic fragment,1.5 - 5,18,Fragmented,
901,H,Hard plastic fragment,1.5 - 5,16,Fragmented,
902,H,Hard plastic fragment,1.5 - 5,16,Fragmented,
903,H,Hard plastic fragment,1.5 - 5,22,Fragmented,
904,H,Hard plastic fragment,1.5 - 5,20,Fragmented,
905,H,Hard plastic fragment,1.5 - 5,25,Fragmented,
906,H,Hard plastic fragment,1.5 - 5,4,Fragmented,
907,H,Hard plastic fragment,1.5 - 5,9,Fragmented,
908,H,Hard plastic fragment,1.5 - 5,2,Fragmented,
909,H,Hard plastic fragment,1.5 - 5,6,Fragmented,
910,H,Hard plastic fragment,1.5 - 5,5,Fragmented,
911,H,Hard plastic fragment,1.5 - 5,19,Fragmented,
912,H,Hard plastic fragment,1.5 - 5,7,Fragmented,
913,H,Hard plastic fragment,1.5 - 5,3,Fragmented,
914,H,Hard plastic fragment,1.5 - 5,20,Fragmented,
915,H,Hard plastic fragment,1.5 - 5,12,Fragmented,
916,H,Hard plastic fragment,1.5 - 5,11,Fragmented,
917,H,Hard plastic fragment,1.5 - 5,16,Fragmented,
918,H,Hard plastic fragment,1.5 - 5,13,Fragmented,
919,H,Hard plastic fragment,1.5 - 5,5,Fragmented,
920,H,Hard plastic fragment,1.5 - 5,15,Fragmented,
921,H,Hard plastic fragment,1.5 - 5,16,Fragmented,
922,H,Hard plastic fragment,0.5 - 1.5,75,Fragmented,
923,H,Hard plastic fragment,0.5 - 1.5,89,Fragmented,
924,H,Hard plastic fragment,0.5 - 1.5,34,Fragmented,
925,H,Hard plastic fragment,0.5 - 1.5,47,Fragmented,
926,H,Hard plastic fragment,0.5 - 1.5,165,Fragmented,
927,H,Hard plastic fragment,0.5 - 1.5,314,Fragmented,
928,H,Hard plastic fragment,0.5 - 1.5,71,Fragmented,
929,H,Hard plastic fragment,0.5 - 1.5,135,Fragmented,
930,H,Hard plastic fragment,0.5 - 1.5,83,Fragmented,
931,H,Hard plastic fragment,0.5 - 1.5,162,Fragmented,
932,H,Hard plastic fragment,0.5 - 1.5,39,Fragmented,
933,H,Hard plastic fragment,0.5 - 1.5,102,Fragmented,
934,H,Hard plastic fragment,0.5 - 1.5,472,Fragmented,
935,H,Hard plastic fragment,0.5 - 1.5,149,Fragmented,
936,H,Hard plastic fragment,0.5 - 1.5,684,Fragmented,
937,H,Hard plastic fragment,0.5 - 1.5,213,Fragmented,
938,H,Hard plastic fragment,0.5 - 1.5,161,Fragmented,
939,H,Hard plastic fragment,0.5 - 1.5,42,Fragmented,
940,H,Hard plastic fragment,0.5 - 1.5,335,Fragmented,
941,H,Hard plastic fragment,0.5 - 1.5,105,Fragmented,
942,H,Hard plastic fragment,0.5 - 1.5,448,Fragmented,
943,H,Hard plastic fragment,0.5 - 1.5,146,Fragmented,
944,H,Hard plastic fragment,0.5 - 1.5,178,Fragmented,
945,H,Hard plastic fragment,0.5 - 1.5,117,Fragmented,
946,H,Hard plastic fragment,0.5 - 1.5,552,Fragmented,
947,H,Hard plastic fragment,0.5 - 1.5,207,Fragmented,
948,H,Hard plastic fragment,0.5 - 1.5,230,Fragmented,
949,H,Hard plastic fragment,0.5 - 1.5,150,Fragmented,
950,H,Hard plastic fragment,0.5 - 1.5,244,Fragmented,
951,H,Hard plastic fragment,0.5 - 1.5,287,Fragmented,
952,H,Hard plastic fragment,0.5 - 1.5,230,Fragmented,
953,H,Hard plastic fragment,0.5 - 1.5,194,Fragmented,
954,H,Hard plastic fragment,0.5 - 1.5,209,Fragmented,
955,H,Hard plastic fragment,0.5 - 1.5,240,Fragmented,
956,H,Hard plastic fragment,0.5 - 1.5,329,Fragmented,
957,H,Hard plastic fragment,0.5 - 1.5,259,Fragmented,
958,H,Hard plastic fragment,0.5 - 1.5,313,Fragmented,
959,H,Hard plastic fragment,0.5 - 1.5,192,Fragmented,
960,H,Hard plastic fragment,0.5 - 1.5,180,Fragmented,
961,H,Hard plastic fragment,0.5 - 1.5,164,Fragmented,
962,H,Hard plastic fragment,0.5 - 1.5,185,Fragmented,
963,H,Hard plastic fragment,0.5 - 1.5,176,Fragmented,
964,H,Hard plastic fragment,0.5 - 1.5,217,Fragmented,
965,H,Hard plastic fragment,0.5 - 1.5,305,Fragmented,
966,H,Hard plastic fragment,0.5 - 1.5,66,Fragmented,
967,H,Hard plastic fragment,0.5 - 1.5,182,Fragmented,
968,H,Hard plastic fragment,0.5 - 1.5,67,Fragmented,
969,H,Hard plastic fragment,0.5 - 1.5,72,Fragmented,
970,H,Hard plastic fragment,0.5 - 1.5,203,Fragmented,
971,H,Hard plastic fragment,0.5 - 1.5,214,Fragmented,
972,H,Hard plastic fragment,0.5 - 1.5,104,Fragmented,
973,H,Hard plastic fragment,0.5 - 1.5,54,Fragmented,
974,H,Hard plastic fragment,0.5 - 1.5,258,Fragmented,
975,H,Hard plastic fragment,0.5 - 1.5,197,Fragmented,
976,H,Hard plastic fragment,0.5 - 1.5,201,Fragmented,
977,H,Hard plastic fragment,0.5 - 1.5,233,Fragmented,
978,H,Hard plastic fragment,0.5 - 1.5,375,Fragmented,
979,H,Hard plastic fragment,0.5 - 1.5,244,Fragmented,
980,H,Hard plastic fragment,0.5 - 1.5,485,Fragmented,
981,H,Hard plastic fragment,0.5 - 1.5,1349,Fragmented,
982,H,Hard plastic fragment,0.15 - 0.5,1245,Fragmented,
983,H,Hard plastic fragment,0.15 - 0.5,1114,Fragmented,
984,H,Hard plastic fragment,0.15 - 0.5,375,Fragmented,
985,H,Hard plastic fragment,0.15 - 0.5,622,Fragmented,
986,H,Hard plastic fragment,0.15 - 0.5,1365,Fragmented,
987,H,Hard plastic fragment,0.15 - 0.5,2920,Fragmented,
988,H,Hard plastic fragment,0.15 - 0.5,946,Fragmented,
989,H,Hard plastic fragment,0.15 - 0.5,1476,Fragmented,
990,H,Hard plastic fragment,0.15 - 0.5,1299,Fragmented,
991,H,Hard plastic fragment,0.15 - 0.5,1896,Fragmented,
992,H,Hard plastic fragment,0.15 - 0.5,855,Fragmented,
993,H,Hard plastic fragment,0.15 - 0.5,2012,Fragmented,
994,H,Hard plastic fragment,0.15 - 0.5,4434,Fragmented,
995,H,Hard plastic fragment,0.15 - 0.5,1901,Fragmented,
996,H,Hard plastic fragment,0.15 - 0.5,5385,Fragmented,
997,H,Hard plastic fragment,0.15 - 0.5,2474,Fragmented,
998,H,Hard plastic fragment,0.15 - 0.5,2582,Fragmented,
999,H,Hard plastic fragment,0.15 - 0.5,1568,Fragmented,
1000,H,Hard plastic fragment,0.15 - 0.5,3568,Fragmented,
1001,H,Hard plastic fragment,0.15 - 0.5,1853,Fragmented,
1002,H,Hard plastic fragment,0.15 - 0.5,4084,Fragmented,
1003,H,Hard plastic fragment,0.15 - 0.5,1987,Fragmented,
1004,H,Hard plastic fragment,0.15 - 0.5,5904,Fragmented,
1005,H,Hard plastic fragment,0.15 - 0.5,2347,Fragmented,
1006,H,Hard plastic fragment,0.15 - 0.5,5034,Fragmented,
1007,H,Hard plastic fragment,0.15 - 0.5,2552,Fragmented,
1008,H,Hard plastic fragment,0.15 - 0.5,1806,Fragmented,
1009,H,Hard plastic fragment,0.15 - 0.5,1265,Fragmented,
1010,H,Hard plastic fragment,0.15 - 0.5,1809,Fragmented,
1011,H,Hard plastic fragment,0.15 - 0.5,2145,Fragmented,
1012,H,Hard plastic fragment,0.15 - 0.5,876,Fragmented,
1013,H,Hard plastic fragment,0.15 - 0.5,1923,Fragmented,
1014,H,Hard plastic fragment,0.15 - 0.5,1525,Fragmented,
1015,H,Hard plastic fragment,0.15 - 0.5,2148,Fragmented,
1016,H,Hard plastic fragment,0.15 - 0.5,4277,Fragmented,
1017,H,Hard plastic fragment,0.15 - 0.5,3490,Fragmented,
1018,H,Hard plastic fragment,0.15 - 0.5,2802,Fragmented,
1019,H,Hard plastic fragment,0.15 - 0.5,2341,Fragmented,
1020,H,Hard plastic fragment,0.15 - 0.5,2016,Fragmented,
1021,H,Hard plastic fragment,0.15 - 0.5,2238,Fragmented,
1022,H,Hard plastic fragment,0.15 - 0.5,1101,Fragmented,
1023,H,Hard plastic fragment,0.15 - 0.5,1400,Fragmented,
1024,H,Hard plastic fragment,0.15 - 0.5,2055,Fragmented,
1025,H,Hard plastic fragment,0.15 - 0.5,2681,Fragmented,
1026,H,Hard plastic fragment,0.15 - 0.5,696,Fragmented,
1027,H,Hard plastic fragment,0.15 - 0.5,1287,Fragmented,
1028,H,Hard plastic fragment,0.15 - 0.5,543,Fragmented,
1029,H,Hard plastic fragment,0.15 - 0.5,1066,Fragmented,
1030,H,Hard plastic fragment,0.15 - 0.5,2018,Fragmented,
1031,H,Hard plastic fragment,0.15 - 0.5,1969,Fragmented,
1032,H,Hard plastic fragment,0.15 - 0.5,813,Fragmented,
1033,H,Hard plastic fragment,0.15 - 0.5,694,Fragmented,
1034,H,Hard plastic fragment,0.15 - 0.5,4558,Fragmented,
1035,H,Hard plastic fragment,0.15 - 0.5,3628,Fragmented,
1036,H,Hard plastic fragment,0.15 - 0.5,3587,Fragmented,
1037,H,Hard plastic fragment,0.15 - 0.5,3139,Fragmented,
1038,H,Hard plastic fragment,0.15 - 0.5,2345,Fragmented,
1039,H,Hard plastic fragment,0.15 - 0.5,2800,Fragmented,
1040,H,Hard plastic fragment,0.15 - 0.5,3067,Fragmented,
1041,H,Hard plastic fragment,0.15 - 0.5,2386,Fragmented,
1042,H,Hard plastic mesh,> 50,1,Fragmented,
1043,H,Hard plastic mesh,10 - 50,1,Fragmented,
1044,H,Hard plastic mesh,10 - 50,2,Fragmented,
1045,H,Hard plastic mesh,10 - 50,1,Fragmented,
1046,H,Hard plastic mesh,10 - 50,1,Fragmented,
1047,H,Hard plastic mesh,10 - 50,1,Fragmented,
1048,H,Hard plastic mesh,10 - 50,1,Fragmented,
1049,H,Hard plastic mesh,10 - 50,1,Fragmented,
1050,H,Hard plastic mesh,10 - 50,1,Fragmented,
1051,H,Hard plastic mesh,10 - 50,1,Fragmented,
1052,H,Hard plastic mesh,10 - 50,2,Fragmented,
1053,H,Hard plastic mesh,10 - 50,1,Fragmented,
1054,H,Hard plastic mesh,10 - 50,1,Fragmented,
1055,H,Hard plastic mesh,10 - 50,1,Fragmented,
1056,H,Hard plastic mesh,10 - 50,1,Fragmented,
1057,H,Hard plastic mesh,10 - 50,1,Fragmented,
1058,H,Hard plastic mesh,5 - 10,1,Fragmented,
1059,H,Hard plastic mesh,5 - 10,1,Fragmented,
1060,H,Hard plastic mesh,5 - 10,1,Fragmented,
1061,H,Hard plastic mesh,5 - 10,1,Fragmented,
1062,H,Hard plastic mesh,5 - 10,1,Fragmented,
1063,H,Hard plastic mesh,5 - 10,1,Fragmented,
1064,H,Hard plastic mesh,1.5 - 5,1,Fragmented,
1065,H,Hard plastic mesh,1.5 - 5,1,Fragmented,
1066,H,Hard plastic mesh,1.5 - 5,1,Fragmented,
1067,H,Hard plastic mesh,1.5 - 5,1,Fragmented,
1068,H,Hard plastic mesh,0.5 - 1.5,1,Fragmented,
1069,H,Hard plastic mesh,0.5 - 1.5,2,Fragmented,
1070,H,Hard plastic mesh,0.5 - 1.5,2,Fragmented,
1071,H,Hard plastic mesh,0.5 - 1.5,1,Fragmented,
1072,H,Hard plastic mesh,0.5 - 1.5,1,Fragmented,
1073,H,Hard plastic mesh,0.5 - 1.5,3,Fragmented,
1074,H,Hard plastic mesh,0.5 - 1.5,1,Fragmented,
1075,H,Hard plastic mesh,0.5 - 1.5,3,Fragmented,
1076,H,Hard plastic mesh,0.5 - 1.5,1,Fragmented,
1077,H,Hard plastic mesh,0.5 - 1.5,1,Fragmented,
1078,H,Hard plastic mesh,0.5 - 1.5,2,Fragmented,
1079,H,Hard plastic mesh,0.5 - 1.5,2,Fragmented,
1080,H,Hard plastic mesh,0.5 - 1.5,1,Fragmented,
1081,H,Hat,10 - 50,1,Entire,Visor
1082,H,Hat,10 - 50,1,Fragmented,Cap/Hat
1083,H,Ice tray,10 - 50,1,Entire,Ice tray
1084,H,Lighter,10 - 50,7,Fragmented,
1085,H,Lighter,5 - 10,1,Entire,
1086,H,Lighter,5 - 10,1,Fragmented,
1087,H,Lighter,5 - 10,1,Fragmented,
1088,H,Lighter,5 - 10,1,Fragmented,
1089,H,Lighter,5 - 10,1,Fragmented,
1090,H,Lightstick,10 - 50,1,Fragmented,
1091,H,Lightstick,10 - 50,1,Fragmented,
1092,H,Lightstick,10 - 50,1,Fragmented,
1093,H,Lollipop stick,5 - 10,1,Fragmented,
1094,H,Lollipop stick,5 - 10,1,Fragmented,
1095,H,Lollipop stick,0.5 - 1.5,1,Fragmented,
1096,H,Melted plastic,10 - 50,1,Fragmented,
1097,H,Melted plastic,10 - 50,1,Fragmented,
1098,H,Melted plastic,10 - 50,1,Fragmented,
1099,H,Melted plastic,10 - 50,1,Fragmented,
1100,H,Melted plastic,10 - 50,2,Fragmented,
1101,H,Melted plastic,10 - 50,3,Fragmented,
1102,H,Melted plastic,10 - 50,1,Fragmented,
1103,H,Melted plastic,5 - 10,2,Fragmented,
1104,H,Melted plastic,5 - 10,1,Fragmented,
1105,H,Melted plastic,5 - 10,1,Fragmented,
1106,H,Melted plastic,5 - 10,1,Fragmented,
1107,H,Melted plastic,5 - 10,1,Fragmented,
1108,H,Melted plastic,5 - 10,1,Fragmented,
1109,H,Melted plastic,5 - 10,1,Fragmented,
1110,H,Melted plastic,5 - 10,1,Fragmented,
1111,H,Melted plastic,5 - 10,1,Fragmented,
1112,H,Melted plastic,5 - 10,1,Fragmented,
1113,H,Melted plastic,5 - 10,1,Fragmented,
1114,H,Melted plastic,5 - 10,1,Fragmented,
1115,H,Melted plastic,5 - 10,1,Fragmented,
1116,H,Melted plastic,5 - 10,1,Fragmented,
1117,H,Melted plastic,1.5 - 5,1,Fragmented,
1118,H,Melted plastic,1.5 - 5,2,Fragmented,
1119,H,Melted plastic,1.5 - 5,3,Fragmented,
1120,H,Melted plastic,1.5 - 5,1,Fragmented,
1121,H,Melted plastic,1.5 - 5,1,Fragmented,
1122,H,Melted plastic,1.5 - 5,1,Fragmented,
1123,H,Melted plastic,1.5 - 5,2,Fragmented,
1124,H,Melted plastic,1.5 - 5,1,Fragmented,
1125,H,Melted plastic,1.5 - 5,3,Fragmented,
1126,H,Melted plastic,1.5 - 5,1,Fragmented,
1127,H,Melted plastic,1.5 - 5,1,Fragmented,
1128,H,Melted plastic,1.5 - 5,2,Fragmented,
1129,H,Melted plastic,1.5 - 5,1,Fragmented,
1130,H,Melted plastic,1.5 - 5,2,Fragmented,
1131,H,Melted plastic,1.5 - 5,2,Fragmented,
1132,H,Melted plastic,1.5 - 5,1,Fragmented,
1133,H,Melted plastic,1.5 - 5,2,Fragmented,
1134,H,Melted plastic,0.5 - 1.5,1,Fragmented,
1135,H,Melted plastic,0.5 - 1.5,3,Fragmented,
1136,H,Melted plastic,0.5 - 1.5,3,Fragmented,
1137,H,Melted plastic,0.5 - 1.5,1,Fragmented,
1138,H,Melted plastic,0.5 - 1.5,1,Fragmented,
1139,H,Melted plastic,0.5 - 1.5,1,Fragmented,
1140,H,Melted plastic,0.5 - 1.5,1,Fragmented,
1141,H,Melted plastic,0.5 - 1.5,2,Fragmented,
1142,H,Melted plastic,0.5 - 1.5,1,Fragmented,
1143,H,Melted plastic,0.5 - 1.5,4,Fragmented,
1144,H,Melted plastic,0.5 - 1.5,2,Fragmented,
1145,H,Melted plastic,0.5 - 1.5,1,Fragmented,
1146,H,Melted plastic,0.5 - 1.5,1,Fragmented,
1147,H,Melted plastic,0.5 - 1.5,3,Fragmented,
1148,H,Melted plastic,0.5 - 1.5,1,Fragmented,
1149,H,Melted plastic,0.5 - 1.5,1,Fragmented,
1150,H,Melted plastic,0.5 - 1.5,3,Fragmented,
1151,H,Melted plastic,0.5 - 1.5,1,Fragmented,
1152,H,Melted plastic,0.5 - 1.5,2,Fragmented,
1153,H,Melted plastic,0.5 - 1.5,3,Fragmented,
1154,H,Melted plastic,0.5 - 1.5,1,Fragmented,
1155,H,Melted plastic,0.5 - 1.5,4,Fragmented,
1156,H,Melted plastic,0.5 - 1.5,12,Fragmented,
1157,H,Melted plastic,0.5 - 1.5,8,Fragmented,
1158,H,Melted plastic,0.5 - 1.5,2,Fragmented,
1159,H,Melted plastic,0.5 - 1.5,3,Fragmented,
1160,H,Melted plastic,0.5 - 1.5,2,Fragmented,
1161,H,Melted plastic,0.5 - 1.5,1,Fragmented,
1162,H,Melted plastic,0.5 - 1.5,2,Fragmented,
1163,H,Melted plastic,0.5 - 1.5,4,Fragmented,
1164,H,Melted plastic,0.5 - 1.5,6,Fragmented,
1165,H,Melted plastic,0.5 - 1.5,7,Fragmented,
1166,H,Melted plastic,0.5 - 1.5,2,Fragmented,
1167,H,Melted plastic,0.5 - 1.5,3,Fragmented,
1168,H,Melted plastic,0.5 - 1.5,1,Fragmented,
1169,H,Melted plastic,0.5 - 1.5,5,Fragmented,
1170,H,Melted plastic,0.5 - 1.5,1,Fragmented,
1171,H,Melted plastic,0.5 - 1.5,1,Fragmented,
1172,H,Melted plastic,0.5 - 1.5,1,Fragmented,
1173,H,Melted plastic,0.5 - 1.5,7,Fragmented,
1174,H,Motorcycle part,10 - 50,1,Fragmented,motocycle part
1175,H,Oyster spacer,10 - 50,1,Entire,
1176,H,Oyster spacer,10 - 50,1,Entire,
1177,H,Oyster spacer,10 - 50,1,Entire,
1178,H,Oyster spacer,10 - 50,2,Entire,
1179,H,Oyster spacer,10 - 50,14,Entire,
1180,H,Oyster spacer,10 - 50,7,Entire,
1181,H,Oyster spacer,10 - 50,2,Entire,
1182,H,Oyster spacer,10 - 50,1,Entire,
1183,H,Oyster spacer,10 - 50,4,Entire,
1184,H,Oyster spacer,10 - 50,2,Entire,
1185,H,Oyster spacer,10 - 50,2,Entire,
1186,H,Oyster spacer,10 - 50,1,Entire,
1187,H,Oyster spacer,10 - 50,2,Entire,
1188,H,Oyster spacer,10 - 50,2,Entire,
1189,H,Oyster spacer,10 - 50,2,Entire,
1190,H,Oyster spacer,10 - 50,3,Entire,
1191,H,Oyster spacer,10 - 50,3,Entire,
1192,H,Oyster spacer,10 - 50,6,Entire,
1193,H,Oyster spacer,10 - 50,4,Entire,
1194,H,Oyster spacer,10 - 50,6,Entire,
1195,H,Oyster spacer,10 - 50,5,Entire,
1196,H,Oyster spacer,10 - 50,7,Entire,
1197,H,Oyster spacer,10 - 50,1,Entire,
1198,H,Oyster spacer,10 - 50,4,Entire,
1199,H,Oyster spacer,10 - 50,2,Entire,
1200,H,Oyster spacer,10 - 50,1,Entire,
1201,H,Oyster spacer,10 - 50,2,Entire,
1202,H,Oyster spacer,10 - 50,2,Entire,
1203,H,Oyster spacer,10 - 50,2,Entire,
1204,H,Oyster spacer,10 - 50,1,Fragmented,
1205,H,Oyster spacer,10 - 50,1,Fragmented,
1206,H,Oyster spacer,10 - 50,1,Fragmented,
1207,H,Oyster spacer,10 - 50,6,Fragmented,
1208,H,Oyster spacer,10 - 50,3,Fragmented,
1209,H,Oyster spacer,10 - 50,1,Fragmented,
1210,H,Oyster spacer,10 - 50,1,Fragmented,
1211,H,Oyster spacer,10 - 50,1,Fragmented,
1212,H,Oyster spacer,10 - 50,2,Fragmented,
1213,H,Oyster spacer,10 - 50,1,Fragmented,
1214,H,Oyster spacer,10 - 50,1,Fragmented,
1215,H,Oyster spacer,10 - 50,2,Fragmented,
1216,H,Oyster spacer,10 - 50,3,Fragmented,
1217,H,Oyster spacer,10 - 50,3,Fragmented,
1218,H,Oyster spacer,10 - 50,4,Fragmented,
1219,H,Oyster spacer,10 - 50,2,Fragmented,
1220,H,Oyster spacer,10 - 50,3,Fragmented,
1221,H,Oyster spacer,10 - 50,3,Fragmented,
1222,H,Oyster spacer,10 - 50,1,Fragmented,
1223,H,Oyster spacer,10 - 50,1,Fragmented,
1224,H,Oyster spacer,10 - 50,3,Fragmented,
1225,H,Oyster spacer,10 - 50,5,Fragmented,
1226,H,Oyster spacer,10 - 50,2,Fragmented,
1227,H,Oyster spacer,10 - 50,6,Fragmented,
1228,H,Oyster spacer,10 - 50,3,Fragmented,
1229,H,Oyster spacer,10 - 50,2,Fragmented,
1230,H,Oyster spacer,10 - 50,2,Fragmented,
1231,H,Oyster spacer,10 - 50,4,Fragmented,
1232,H,Oyster spacer,10 - 50,4,Fragmented,
1233,H,Oyster spacer,10 - 50,1,Fragmented,
1234,H,Oyster spacer,10 - 50,1,Fragmented,
1235,H,Oyster spacer,10 - 50,1,Fragmented,
1236,H,Oyster spacer,10 - 50,1,Fragmented,
1237,H,Oyster spacer,10 - 50,1,Fragmented,
1238,H,Oyster spacer,10 - 50,2,Fragmented,
1239,H,Oyster spacer,10 - 50,2,Fragmented,
1240,H,Oyster spacer,5 - 10,1,Entire,
1241,H,Oyster spacer,5 - 10,2,Entire,
1242,H,Oyster spacer,5 - 10,3,Entire,
1243,H,Oyster spacer,5 - 10,1,Entire,
1244,H,Oyster spacer,5 - 10,1,Fragmented,
1245,H,Oyster spacer,5 - 10,2,Fragmented,
1246,H,Oyster spacer,5 - 10,1,Fragmented,
1247,H,Oyster spacer,5 - 10,1,Fragmented,
1248,H,Oyster spacer,5 - 10,3,Fragmented,
1249,H,Oyster spacer,5 - 10,1,Fragmented,
1250,H,Oyster spacer,5 - 10,1,Fragmented,
1251,H,Oyster spacer,5 - 10,1,Fragmented,
1252,H,Oyster spacer,5 - 10,1,Fragmented,
1253,H,Oyster spacer,5 - 10,1,Fragmented,
1254,H,Oyster spacer,5 - 10,1,Fragmented,
1255,H,Oyster spacer,5 - 10,1,Fragmented,
1256,H,Oyster spacer,5 - 10,1,Fragmented,
1257,H,Oyster spacer,1.5 - 5,1,Entire,
1258,H,Oyster spacer,1.5 - 5,1,Entire,
1259,H,Oyster spacer,1.5 - 5,2,Entire,
1260,H,Oyster spacer,1.5 - 5,2,Entire,
1261,H,Oyster spacer,1.5 - 5,1,Entire,
1262,H,Oyster spacer,1.5 - 5,3,Entire,
1263,H,Oyster spacer,1.5 - 5,2,Entire,
1264,H,Oyster spacer,1.5 - 5,1,Entire,
1265,H,Oyster spacer,1.5 - 5,4,Entire,
1266,H,Oyster spacer,1.5 - 5,2,Entire,
1267,H,Oyster spacer,1.5 - 5,2,Entire,
1268,H,Oyster spacer,1.5 - 5,3,Entire,
1269,H,Oyster spacer,1.5 - 5,1,Entire,
1270,H,Oyster spacer,1.5 - 5,1,Entire,
1271,H,Oyster spacer,1.5 - 5,2,Entire,
1272,H,Oyster spacer,1.5 - 5,2,Entire,
1273,H,Oyster spacer,1.5 - 5,1,Entire,
1274,H,Oyster spacer,1.5 - 5,1,Entire,
1275,H,Oyster spacer,1.5 - 5,1,Entire,
1276,H,Oyster spacer,1.5 - 5,1,Entire,
1277,H,Oyster spacer,1.5 - 5,1,Entire,
1278,H,Oyster spacer,1.5 - 5,4,Entire,
1279,H,Oyster spacer,1.5 - 5,1,Entire,
1280,H,Oyster spacer,1.5 - 5,2,Entire,
1281,H,Oyster spacer,1.5 - 5,2,Fragmented,
1282,H,Oyster spacer,1.5 - 5,5,Fragmented,
1283,H,Oyster spacer,1.5 - 5,1,Fragmented,
1284,H,Oyster spacer,1.5 - 5,4,Fragmented,
1285,H,Oyster spacer,1.5 - 5,2,Fragmented,
1286,H,Oyster spacer,1.5 - 5,1,Fragmented,
1287,H,Oyster spacer,1.5 - 5,2,Fragmented,
1288,H,Oyster spacer,1.5 - 5,3,Fragmented,
1289,H,Oyster spacer,1.5 - 5,2,Fragmented,
1290,H,Oyster spacer,1.5 - 5,1,Fragmented,
1291,H,Oyster spacer,1.5 - 5,1,Fragmented,
1292,H,Oyster spacer,1.5 - 5,2,Fragmented,
1293,H,Oyster spacer,1.5 - 5,3,Fragmented,
1294,H,Oyster spacer,0.5 - 1.5,1,Entire,
1295,H,Oyster spacer,0.5 - 1.5,1,Entire,
1296,H,Oyster spacer,0.5 - 1.5,2,Entire,
1297,H,Oyster spacer,0.5 - 1.5,1,Entire,
1298,H,Oyster spacer,0.5 - 1.5,5,Entire,
1299,H,Oyster spacer,0.5 - 1.5,1,Entire,
1300,H,Oyster spacer,0.5 - 1.5,2,Entire,
1301,H,Oyster spacer,0.5 - 1.5,1,Entire,
1302,H,Oyster spacer,0.5 - 1.5,1,Entire,
1303,H,Oyster spacer,0.5 - 1.5,1,Entire,
1304,H,Oyster spacer,0.5 - 1.5,2,Entire,
1305,H,Oyster spacer,0.5 - 1.5,1,Entire,
1306,H,Oyster spacer,0.5 - 1.5,1,Entire,
1307,H,Oyster spacer,0.5 - 1.5,2,Entire,
1308,H,Oyster spacer,0.5 - 1.5,1,Entire,
1309,H,Oyster spacer,0.5 - 1.5,1,Entire,
1310,H,Oyster spacer,0.5 - 1.5,1,Entire,
1311,H,Oyster spacer,0.5 - 1.5,1,Entire,
1312,H,Oyster spacer,0.5 - 1.5,1,Entire,
1313,H,Oyster spacer,0.5 - 1.5,1,Entire,
1314,H,Oyster spacer,0.5 - 1.5,1,Entire,
1315,H,Oyster spacer,0.5 - 1.5,1,Entire,
1316,H,Oyster spacer,0.5 - 1.5,2,Entire,
1317,H,Oyster spacer,0.5 - 1.5,1,Entire,
1318,H,Oyster spacer,0.5 - 1.5,2,Entire,
1319,H,Oyster spacer,0.5 - 1.5,1,Fragmented,
1320,H,Oyster spacer,0.5 - 1.5,2,Fragmented,
1321,H,Oyster spacer,0.5 - 1.5,6,Fragmented,
1322,H,Oyster spacer,0.5 - 1.5,6,Fragmented,
1323,H,Oyster spacer,0.5 - 1.5,1,Fragmented,
1324,H,Oyster spacer,0.5 - 1.5,2,Fragmented,
1325,H,Oyster spacer,0.5 - 1.5,4,Fragmented,
1326,H,Oyster spacer,0.5 - 1.5,4,Fragmented,
1327,H,Oyster spacer,0.5 - 1.5,1,Fragmented,
1328,H,Oyster spacer,0.5 - 1.5,2,Fragmented,
1329,H,Oyster spacer,0.5 - 1.5,1,Fragmented,
1330,H,Oyster spacer,0.5 - 1.5,2,Fragmented,
1331,H,Oyster spacer,0.5 - 1.5,1,Fragmented,
1332,H,Oyster spacer,0.5 - 1.5,2,Fragmented,
1333,H,Oyster spacer,0.5 - 1.5,1,Fragmented,
1334,H,Oyster spacer,0.5 - 1.5,1,Fragmented,
1335,H,Oyster spacer,0.5 - 1.5,1,Fragmented,
1336,H,Packaging strap,> 50,1,Fragmented,
1337,H,Packaging strap,> 50,3,Fragmented,
1338,H,Packaging strap,> 50,1,Fragmented,
1339,H,Packaging strap,> 50,1,Fragmented,
1340,H,Packaging strap,> 50,1,Fragmented,
1341,H,Packaging strap,> 50,1,Fragmented,
1342,H,Packaging strap,> 50,1,Fragmented,
1343,H,Packaging strap,> 50,1,Entire,
1344,H,Packaging strap,> 50,1,Fragmented,
1345,H,Packaging strap,> 50,1,Fragmented,
1346,H,Packaging strap,> 50,1,Fragmented,
1347,H,Packaging strap,> 50,1,Entire,
1348,H,Packaging strap,> 50,2,Fragmented,
1349,H,Packaging strap,> 50,1,Fragmented,
1350,H,Packaging strap,> 50,1,Fragmented,
1351,H,Packaging strap,> 50,2,Fragmented,
1352,H,Packaging strap,10 - 50,1,Entire,
1353,H,Packaging strap,10 - 50,1,Fragmented,
1354,H,Packaging strap,10 - 50,2,Fragmented,
1355,H,Packaging strap,10 - 50,1,Fragmented,
1356,H,Packaging strap,10 - 50,1,Fragmented,
1357,H,Packaging strap,10 - 50,1,Fragmented,
1358,H,Packaging strap,10 - 50,1,Fragmented,
1359,H,Packaging strap,10 - 50,3,Fragmented,
1360,H,Packaging strap,10 - 50,3,Fragmented,
1361,H,Packaging strap,10 - 50,1,Fragmented,
1362,H,Packaging strap,10 - 50,2,Fragmented,
1363,H,Packaging strap,10 - 50,1,Fragmented,
1364,H,Packaging strap,10 - 50,1,Fragmented,
1365,H,Packaging strap,10 - 50,3,Fragmented,
1366,H,Packaging strap,10 - 50,2,Fragmented,
1367,H,Packaging strap,10 - 50,1,Fragmented,
1368,H,Packaging strap,10 - 50,1,Fragmented,
1369,H,Packaging strap,10 - 50,2,Fragmented,
1370,H,Packaging strap,10 - 50,1,Fragmented,
1371,H,Packaging strap,10 - 50,1,Fragmented,
1372,H,Packaging strap,10 - 50,1,Fragmented,
1373,H,Packaging strap,10 - 50,1,Fragmented,
1374,H,Packaging strap,5 - 10,1,Fragmented,
1375,H,Packaging strap,5 - 10,1,Fragmented,
1376,H,Packaging strap,5 - 10,1,Fragmented,
1377,H,Packaging strap,5 - 10,1,Fragmented,
1378,H,Packaging strap,5 - 10,1,Fragmented,
1379,H,Packaging strap,5 - 10,1,Fragmented,
1380,H,Packaging strap,5 - 10,1,Fragmented,
1381,H,Packaging strap,1.5 - 5,2,Fragmented,
1382,H,Packaging strap,1.5 - 5,1,Fragmented,
1383,H,Packaging strap,1.5 - 5,2,Fragmented,
1384,H,Packaging strap,1.5 - 5,1,Fragmented,
1385,H,Packaging strap,1.5 - 5,1,Fragmented,
1386,H,Packaging strap,1.5 - 5,1,Fragmented,
1387,H,Packaging strap,1.5 - 5,1,Fragmented,
1388,H,Packaging strap,1.5 - 5,1,Fragmented,
1389,H,Packaging strap,1.5 - 5,1,Fragmented,
1390,H,Packaging strap,0.5 - 1.5,1,Fragmented,
1391,H,Packaging strap,0.5 - 1.5,1,Fragmented,
1392,H,Packaging strap,0.5 - 1.5,3,Fragmented,
1393,H,Packaging strap,0.5 - 1.5,1,Fragmented,
1394,H,Packaging strap,0.5 - 1.5,2,Fragmented,
1395,H,Packaging strap,0.5 - 1.5,1,Fragmented,
1396,H,Packaging strap,0.5 - 1.5,3,Fragmented,
1397,H,Packaging strap,0.5 - 1.5,3,Fragmented,
1398,H,Packaging strap,0.5 - 1.5,2,Fragmented,
1399,H,Packaging strap,0.5 - 1.5,1,Fragmented,
1400,H,Packaging strap,0.5 - 1.5,2,Fragmented,
1401,H,Packaging strap,0.5 - 1.5,2,Fragmented,
1402,H,Packaging strap,0.5 - 1.5,1,Fragmented,
1403,H,Packaging strap,0.5 - 1.5,1,Fragmented,
1404,H,Paddle,> 50,1,Fragmented,
1405,H,Pen,10 - 50,1,Entire,
1406,H,Pen,10 - 50,1,Entire,
1407,H,Pen,10 - 50,1,Entire,
1408,H,Pen,10 - 50,1,Entire,
1409,H,Pen,5 - 10,1,Fragmented,
1410,H,Pen,1.5 - 5,1,Fragmented,
1411,H,Pen,1.5 - 5,1,Fragmented,
1412,H,Pen,1.5 - 5,1,Fragmented,
1413,H,Pen lid,1.5 - 5,1,Fragmented,
1414,H,Pen lid,0.5 - 1.5,1,Entire,
1415,H,Pen lid,0.5 - 1.5,1,Fragmented,
1416,H,Pen lid,0.5 - 1.5,1,Fragmented,
1417,H,Pen lid,0.5 - 1.5,1,Fragmented,
1418,H,Pen lid,0.5 - 1.5,1,Fragmented,
1419,H,Pen lid,0.5 - 1.5,1,Fragmented,
1420,H,Pen lid,0.5 - 1.5,1,Fragmented,
1421,H,Plate,10 - 50,1,Fragmented,
1422,H,Remote control,10 - 50,1,Fragmented,
1423,H,Screw,5 - 10,1,Entire,of bottle opening
1424,H,Shoe,10 - 50,1,Entire,
1425,H,Shoe,10 - 50,1,Entire,Sole of a shoe
1426,H,Shoe,10 - 50,1,Fragmented,
1427,H,Shoe,10 - 50,1,Fragmented,Shoe lace
1428,H,Shoe,5 - 10,1,Fragmented,
1429,H,Spoon,10 - 50,1,Entire,
1430,H,Spoon,10 - 50,1,Entire,
1431,H,Straw,10 - 50,1,Fragmented,
1432,H,Straw,0.5 - 1.5,1,Fragmented,
1433,H,Tape roll,5 - 10,1,Fragmented,
1434,H,Tape roll,0.5 - 1.5,1,Fragmented,
1435,H,Tissue holder,0.5 - 1.5,1,Entire,Curtain/tissue holder
1436,H,Toilet seat,10 - 50,1,Entire,
1437,H,Toothbrush,10 - 50,1,Entire,
1438,H,Toothbrush,10 - 50,1,Entire,
1439,H,Toothbrush,10 - 50,1,Entire,
1440,H,Toothbrush,10 - 50,1,Entire,
1441,H,Toothbrush,10 - 50,1,Entire,
1442,H,Toothbrush,10 - 50,1,Fragmented,
1443,H,Toothbrush,10 - 50,1,Fragmented,
1444,H,Toothbrush,10 - 50,1,Fragmented,
1445,H,Toothbrush,10 - 50,2,Fragmented,
1446,H,Toothbrush,10 - 50,1,Fragmented,
1447,H,Toothbrush,10 - 50,2,Fragmented,
1448,H,Toothbrush,10 - 50,1,Fragmented,
1449,H,Toothbrush,10 - 50,1,Fragmented,
1450,H,Toothbrush,10 - 50,1,Fragmented,
1451,H,Toothbrush,10 - 50,1,Fragmented,
1452,H,Toothbrush,10 - 50,1,Fragmented,
1453,H,Toothbrush,5 - 10,1,Fragmented,
1454,H,Toothbrush,5 - 10,1,Fragmented,
1455,H,Toothbrush,1.5 - 5,1,Fragmented,
1456,H,Toy - airplane,5 - 10,1,Fragmented,
1457,H,Toy - Gun cartridge,5 - 10,1,Fragmented,Gun cartridge
1458,H,Toy - Gun protection case,10 - 50,1,Entire,Gun protection case
1459,H,Toy - helice,1.5 - 5,1,Fragmented,
1460,H,Toy - wheel,10 - 50,1,Entire,Wheel
1461,H,Toy - wheel,5 - 10,1,Entire,
1462,H,Toy - wheel,5 - 10,1,Entire,
1463,H,Toy - wheel,1.5 - 5,1,Entire,
1464,H,Toy - wheel,1.5 - 5,1,Entire,
1465,H,Toy - wheel,0.5 - 1.5,1,Entire,
1466,H,Trap cilinder,> 50,1,Entire,
1467,H,Trap cilinder,> 50,1,Entire,
1468,H,Trap cilinder,10 - 50,1,Entire,
1469,H,Trap cilinder,10 - 50,1,Fragmented,
1470,H,Trap cilinder,10 - 50,1,Fragmented,
1471,H,Trap cone,10 - 50,3,Entire,
1472,H,Trap cone,10 - 50,1,Entire,
1473,H,Trap cone,10 - 50,2,Entire,
1474,H,Trap cone,10 - 50,2,Entire,
1475,H,Trap cone,10 - 50,1,Entire,
1476,H,Trap cone,10 - 50,5,Entire,
1477,H,Trap cone,10 - 50,2,Entire,
1478,H,Trap cone,10 - 50,1,Entire,
1479,H,Trap cone,10 - 50,1,Entire,
1480,H,Trap cone,10 - 50,2,Entire,
1481,H,Trap cone,10 - 50,1,Entire,
1482,H,Trap cone,10 - 50,1,Entire,
1483,H,Trap cone,10 - 50,1,Entire,
1484,H,Trap cone,10 - 50,3,Entire,
1485,H,Trap cone,10 - 50,3,Entire,
1486,H,Trap cone,10 - 50,1,Entire,
1487,H,Trap cone,10 - 50,1,Entire,
1488,H,Trap cone,10 - 50,2,Entire,
1489,H,Trap cone,10 - 50,2,Entire,
1490,H,Trap cone,10 - 50,1,Entire,
1491,H,Trap cone,10 - 50,1,Entire,
1492,H,Trap cone,10 - 50,1,Entire,
1493,H,Trap cone,10 - 50,1,Entire,
1494,H,Trap cone,10 - 50,2,Entire,
1495,H,Trap cone,10 - 50,1,Entire,
1496,H,Trap cone,10 - 50,1,Entire,
1497,H,Trap cone,10 - 50,1,Fragmented,
1498,H,Trap cone,10 - 50,4,Fragmented,
1499,H,Trap cone,10 - 50,3,Fragmented,
1500,H,Trap cone,10 - 50,3,Fragmented,
1501,H,Trap cone,10 - 50,4,Fragmented,
1502,H,Trap cone,10 - 50,7,Fragmented,
1503,H,Trap cone,10 - 50,2,Fragmented,
1504,H,Trap cone,10 - 50,4,Fragmented,
1505,H,Trap cone,10 - 50,4,Fragmented,
1506,H,Trap cone,10 - 50,5,Fragmented,
1507,H,Trap cone,10 - 50,2,Fragmented,
1508,H,Trap cone,10 - 50,4,Fragmented,
1509,H,Trap cone,10 - 50,1,Fragmented,
1510,H,Trap cone,10 - 50,1,Fragmented,
1511,H,Trap cone,10 - 50,1,Fragmented,
1512,H,Trap cone,10 - 50,1,Fragmented,
1513,H,Trap cone,10 - 50,8,Fragmented,
1514,H,Trap cone,10 - 50,2,Fragmented,
1515,H,Trap cone,10 - 50,1,Fragmented,
1516,H,Trap cone,10 - 50,2,Fragmented,
1517,H,Trap cone,10 - 50,4,Fragmented,
1518,H,Trap cone,10 - 50,5,Fragmented,
1519,H,Trap cone,10 - 50,4,Fragmented,
1520,H,Trap cone,10 - 50,1,Fragmented,
1521,H,Trap cone,10 - 50,1,Fragmented,
1522,H,Trap cone,10 - 50,1,Fragmented,
1523,H,Trap cone,10 - 50,5,Fragmented,
1524,H,Trap cone,10 - 50,5,Fragmented,
1525,H,Trap cone,10 - 50,3,Fragmented,
1526,H,Trap cone,10 - 50,5,Fragmented,
1527,H,Trap cone,10 - 50,9,Fragmented,
1528,H,Trap cone,10 - 50,4,Fragmented,
1529,H,Trap cone,10 - 50,2,Fragmented,
1530,H,Trap cone,10 - 50,1,Fragmented,
1531,H,Trap cone,10 - 50,1,Fragmented,
1532,H,Trap cone,10 - 50,1,Fragmented,
1533,H,Trap cone,10 - 50,3,Fragmented,
1534,H,Trap cone,10 - 50,3,Fragmented,
1535,H,Trap cone,10 - 50,2,Fragmented,
1536,H,Trap cone,10 - 50,1,Fragmented,
1537,H,Trap cone,10 - 50,4,Fragmented,
1538,H,Trap cone,10 - 50,3,Fragmented,
1539,H,Trap cone,10 - 50,1,Fragmented,
1540,H,Trap cone,10 - 50,3,Fragmented,
1541,H,Trap cone,10 - 50,3,Fragmented,
1542,H,Trap cone,5 - 10,2,Fragmented,
1543,H,Trap cone,5 - 10,1,Fragmented,
1544,H,Trap cone,5 - 10,1,Fragmented,
1545,H,Trap cone,5 - 10,1,Fragmented,
1546,H,Trap cone,5 - 10,2,Fragmented,
1547,H,Trap cone,5 - 10,1,Fragmented,
1548,H,Trap cone,5 - 10,1,Fragmented,
1549,H,Trap cone,1.5 - 5,1,Fragmented,
1550,H,Trap cone,1.5 - 5,1,Fragmented,
1551,H,Trap cone,1.5 - 5,1,Fragmented,
1552,H,Trap cone,1.5 - 5,1,Fragmented,
1553,H,Trap cone,0.5 - 1.5,1,Fragmented,
1554,H,Trap cone,0.5 - 1.5,1,Fragmented,
1555,H,Trap cone,0.5 - 1.5,1,Fragmented,
1556,H,Trap cone,0.5 - 1.5,1,Fragmented,
1557,H,Trap cone,0.5 - 1.5,1,Fragmented,
1558,H,Trap cone,0.5 - 1.5,1,Fragmented,
1559,H,Tray,10 - 50,1,Fragmented,
1560,H,Tube,> 50,1,Fragmented,
1561,H,Tube,> 50,1,Fragmented,
1562,H,Tube,> 50,1,Fragmented,
1563,H,Tube,> 50,1,Fragmented,
1564,H,Tube,> 50,1,Fragmented,
1565,H,Tube,> 50,1,Fragmented,
1566,H,Tube,> 50,1,Fragmented,
1567,H,Tube,> 50,1,Fragmented,
1568,H,Tube,> 50,1,Fragmented,
1569,H,Tube,10 - 50,1,Entire,
1570,H,Tube,10 - 50,1,Entire,
1571,H,Tube,10 - 50,1,Fragmented,
1572,H,Tube,10 - 50,1,Fragmented,
1573,H,Tube,10 - 50,2,Fragmented,
1574,H,Tube,10 - 50,1,Fragmented,
1575,H,Tube,10 - 50,1,Fragmented,
1576,H,Tube,10 - 50,1,Fragmented,
1577,H,Tube,10 - 50,1,Fragmented,
1578,H,Tube,10 - 50,2,Fragmented,
1579,H,Tube,10 - 50,1,Fragmented,
1580,H,Tube,10 - 50,1,Fragmented,
1581,H,Tube,10 - 50,1,Fragmented,
1582,H,Tube,10 - 50,1,Fragmented,
1583,H,Tube,5 - 10,1,Fragmented,
1584,H,Tube,5 - 10,1,Fragmented,
1585,H,Tube,5 - 10,1,Fragmented,
1586,H,Tube,5 - 10,1,Fragmented,
1587,H,Tube,1.5 - 5,1,Fragmented,
1588,H,Tube,0.5 - 1.5,1,Fragmented,
1589,H,Tube,0.5 - 1.5,1,Fragmented,
1590,H,Unknown,> 50,1,Fragmented,
1591,H,Unknown,10 - 50,1,Fragmented,
1592,H,Unknown,5 - 10,1,Fragmented,Electronics object
1593,H,Unknown,1.5 - 5,1,Entire,Flat disk fishery
1594,H,Unknown,1.5 - 5,1,Fragmented,Elastic Gum?
1595,H,Unknown,0.5 - 1.5,1,Fragmented,
1596,H,Wire,> 50,1,Fragmented,
1597,H,Wire,> 50,1,Fragmented,
1598,H,Wire,> 50,1,Fragmented,
1599,H,Wire,> 50,1,Fragmented,
1600,H,Wire,10 - 50,1,Fragmented,
1601,H,Wire,10 - 50,3,Fragmented,
1602,H,Wire,10 - 50,2,Fragmented,
1603,H,Wire,10 - 50,1,Fragmented,
1604,H,Wire,10 - 50,3,Fragmented,
1605,H,Wire,10 - 50,1,Fragmented,
1606,H,Wire,10 - 50,1,Fragmented,
1607,H,Wire,10 - 50,1,Fragmented,
1608,H,Wire,10 - 50,1,Fragmented,
1609,H,Wire,10 - 50,3,Fragmented,
1610,H,Wire,10 - 50,4,Fragmented,
1611,H,Wire,10 - 50,2,Fragmented,
1612,H,Wire,10 - 50,4,Fragmented,
1613,H,Wire,10 - 50,6,Fragmented,
1614,H,Wire,10 - 50,5,Fragmented,
1615,H,Wire,10 - 50,1,Fragmented,
1616,H,Wire,10 - 50,1,Fragmented,
1617,H,Wire,10 - 50,1,Fragmented,
1618,H,Wire,10 - 50,1,Fragmented,
1619,H,Wire,10 - 50,1,Fragmented,
1620,H,Wire,10 - 50,1,Fragmented,
1621,H,Wire,10 - 50,1,Fragmented,
1622,H,Wire,10 - 50,1,Fragmented,
1623,H,Wire,5 - 10,1,Fragmented,
1624,H,Wire,5 - 10,1,Fragmented,
1625,H,Wire,5 - 10,1,Fragmented,
1626,H,Wire,5 - 10,1,Fragmented,
1627,H,Wire,5 - 10,1,Fragmented,
1628,H,Wire,5 - 10,1,Fragmented,
1629,H,Wire,5 - 10,1,Fragmented,
1630,H,Wire,1.5 - 5,1,Fragmented,
1631,H,Wire,1.5 - 5,2,Fragmented,
1632,H,Wire,1.5 - 5,1,Fragmented,
1633,H,Wire,1.5 - 5,1,Fragmented,
1634,H,Wire,1.5 - 5,1,Fragmented,
1635,H,Wire,1.5 - 5,1,Fragmented,
1636,H,Wire,0.5 - 1.5,1,Fragmented,
1637,H,Wire,0.5 - 1.5,1,Fragmented,
1638,N,Line,> 50,1,Fragmented,
1639,N,Line,10 - 50,5,Fragmented,
1640,N,Line,10 - 50,4,Fragmented,
1641,N,Line,10 - 50,3,Fragmented,
1642,N,Line,10 - 50,3,Fragmented,
1643,N,Line,10 - 50,2,Fragmented,
1644,N,Line,10 - 50,2,Fragmented,
1645,N,Line,10 - 50,2,Fragmented,
1646,N,Line,10 - 50,2,Fragmented,
1647,N,Line,10 - 50,2,Fragmented,
1648,N,Line,10 - 50,2,Fragmented,
1649,N,Line,10 - 50,2,Fragmented,
1650,N,Line,10 - 50,1,Fragmented,
1651,N,Line,10 - 50,1,Fragmented,
1652,N,Line,10 - 50,1,Fragmented,
1653,N,Line,10 - 50,1,Fragmented,
1654,N,Line,10 - 50,1,Fragmented,
1655,N,Line,10 - 50,1,Fragmented,
1656,N,Line,10 - 50,1,Fragmented,
1657,N,Line,10 - 50,1,Fragmented,
1658,N,Line,10 - 50,1,Fragmented,
1659,N,Line,10 - 50,1,Fragmented,
1660,N,Line,10 - 50,1,Fragmented,
1661,N,Line,10 - 50,1,Fragmented,
1662,N,Line,10 - 50,1,Fragmented,
1663,N,Line,10 - 50,1,Fragmented,
1664,N,Line,10 - 50,1,Fragmented,
1665,N,Line,10 - 50,1,Fragmented,
1666,N,Line,10 - 50,1,Fragmented,
1667,N,Line,10 - 50,1,Fragmented,
1668,N,Line,10 - 50,1,Fragmented,
1669,N,Line,10 - 50,1,Fragmented,
1670,N,Line,10 - 50,1,Fragmented,
1671,N,Line,10 - 50,1,Fragmented,
1672,N,Line,10 - 50,1,Fragmented,
1673,N,Line,10 - 50,1,Fragmented,
1674,N,Line,5 - 10,12,Fragmented,
1675,N,Line,5 - 10,8,Fragmented,
1676,N,Line,5 - 10,7,Fragmented,
1677,N,Line,5 - 10,4,Fragmented,
1678,N,Line,5 - 10,3,Fragmented,
1679,N,Line,5 - 10,2,Fragmented,
1680,N,Line,5 - 10,2,Fragmented,
1681,N,Line,5 - 10,2,Fragmented,
1682,N,Line,5 - 10,2,Fragmented,
1683,N,Line,5 - 10,2,Fragmented,
1684,N,Line,5 - 10,1,Fragmented,
1685,N,Line,5 - 10,1,Fragmented,
1686,N,Line,5 - 10,1,Fragmented,
1687,N,Line,5 - 10,1,Fragmented,
1688,N,Line,5 - 10,1,Fragmented,
1689,N,Line,5 - 10,1,Fragmented,
1690,N,Line,5 - 10,1,Fragmented,
1691,N,Line,5 - 10,1,Fragmented,
1692,N,Line,5 - 10,1,Fragmented,
1693,N,Line,1.5 - 5,22,Fragmented,
1694,N,Line,1.5 - 5,20,Fragmented,
1695,N,Line,1.5 - 5,17,Fragmented,
1696,N,Line,1.5 - 5,13,Fragmented,
1697,N,Line,1.5 - 5,12,Fragmented,
1698,N,Line,1.5 - 5,11,Fragmented,
1699,N,Line,1.5 - 5,6,Fragmented,
1700,N,Line,1.5 - 5,6,Fragmented,
1701,N,Line,1.5 - 5,4,Fragmented,
1702,N,Line,1.5 - 5,4,Fragmented,
1703,N,Line,1.5 - 5,4,Fragmented,
1704,N,Line,1.5 - 5,3,Fragmented,
1705,N,Line,1.5 - 5,2,Fragmented,
1706,N,Line,1.5 - 5,2,Fragmented,
1707,N,Line,1.5 - 5,2,Fragmented,
1708,N,Line,1.5 - 5,2,Fragmented,
1709,N,Line,1.5 - 5,1,Fragmented,
1710,N,Line,1.5 - 5,1,Fragmented,
1711,N,Line,1.5 - 5,1,Fragmented,
1712,N,Line,1.5 - 5,1,Fragmented,
1713,N,Line,1.5 - 5,1,Fragmented,
1714,N,Line,1.5 - 5,1,Fragmented,
1715,N,Line,1.5 - 5,1,Fragmented,
1716,N,Line,1.5 - 5,1,Fragmented,
1717,N,Line,1.5 - 5,1,Fragmented,
1718,N,Line,1.5 - 5,1,Fragmented,
1719,N,Line,1.5 - 5,1,Fragmented,
1720,N,Line,1.5 - 5,1,Fragmented,
1721,N,Line,1.5 - 5,1,Fragmented,
1722,N,Line,0.5 - 1.5,125,Fragmented,
1723,N,Line,0.5 - 1.5,109,Fragmented,
1724,N,Line,0.5 - 1.5,65,Fragmented,
1725,N,Line,0.5 - 1.5,50,Fragmented,
1726,N,Line,0.5 - 1.5,50,Fragmented,
1727,N,Line,0.5 - 1.5,37,Fragmented,
1728,N,Line,0.5 - 1.5,34,Fragmented,
1729,N,Line,0.5 - 1.5,33,Fragmented,
1730,N,Line,0.5 - 1.5,32,Fragmented,
1731,N,Line,0.5 - 1.5,28,Fragmented,
1732,N,Line,0.5 - 1.5,28,Fragmented,
1733,N,Line,0.5 - 1.5,25,Fragmented,
1734,N,Line,0.5 - 1.5,23,Fragmented,
1735,N,Line,0.5 - 1.5,21,Fragmented,
1736,N,Line,0.5 - 1.5,14,Fragmented,
1737,N,Line,0.5 - 1.5,13,Fragmented,
1738,N,Line,0.5 - 1.5,12,Fragmented,
1739,N,Line,0.5 - 1.5,12,Fragmented,
1740,N,Line,0.5 - 1.5,11,Fragmented,
1741,N,Line,0.5 - 1.5,11,Fragmented,
1742,N,Line,0.5 - 1.5,10,Fragmented,
1743,N,Line,0.5 - 1.5,10,Fragmented,
1744,N,Line,0.5 - 1.5,10,Fragmented,
1745,N,Line,0.5 - 1.5,10,Fragmented,
1746,N,Line,0.5 - 1.5,9,Fragmented,
1747,N,Line,0.5 - 1.5,9,Fragmented,
1748,N,Line,0.5 - 1.5,9,Fragmented,
1749,N,Line,0.5 - 1.5,8,Fragmented,
1750,N,Line,0.5 - 1.5,8,Fragmented,
1751,N,Line,0.5 - 1.5,8,Fragmented,
1752,N,Line,0.5 - 1.5,8,Fragmented,
1753,N,Line,0.5 - 1.5,8,Fragmented,
1754,N,Line,0.5 - 1.5,8,Fragmented,
1755,N,Line,0.5 - 1.5,7,Fragmented,
1756,N,Line,0.5 - 1.5,7,Fragmented,
1757,N,Line,0.5 - 1.5,6,Fragmented,
1758,N,Line,0.5 - 1.5,5,Fragmented,
1759,N,Line,0.5 - 1.5,5,Fragmented,
1760,N,Line,0.5 - 1.5,5,Fragmented,
1761,N,Line,0.5 - 1.5,5,Fragmented,
1762,N,Line,0.5 - 1.5,5,Fragmented,
1763,N,Line,0.5 - 1.5,5,Fragmented,
1764,N,Line,0.5 - 1.5,4,Fragmented,
1765,N,Line,0.5 - 1.5,4,Fragmented,
1766,N,Line,0.5 - 1.5,3,Fragmented,
1767,N,Line,0.5 - 1.5,3,Fragmented,
1768,N,Line,0.5 - 1.5,3,Fragmented,
1769,N,Line,0.5 - 1.5,3,Fragmented,
1770,N,Line,0.5 - 1.5,3,Fragmented,
1771,N,Line,0.5 - 1.5,3,Fragmented,
1772,N,Line,0.5 - 1.5,2,Fragmented,
1773,N,Line,0.5 - 1.5,2,Fragmented,
1774,N,Line,0.5 - 1.5,2,Fragmented,
1775,N,Line,0.5 - 1.5,2,Fragmented,
1776,N,Line,0.5 - 1.5,1,Fragmented,
1777,N,Line,0.5 - 1.5,1,Fragmented,
1778,N,Line,0.5 - 1.5,1,Fragmented,
1779,N,Line,0.5 - 1.5,1,Fragmented,
1780,N,Line,0.5 - 1.5,1,Fragmented,
1781,N,Line,0.15 - 0.5,505,Fragmented,
1782,N,Line,0.15 - 0.5,305,Fragmented,
1783,N,Line,0.15 - 0.5,140,Fragmented,
1784,N,Line,0.15 - 0.5,132,Fragmented,
1785,N,Line,0.15 - 0.5,101,Fragmented,
1786,N,Line,0.15 - 0.5,88,Fragmented,
1787,N,Line,0.15 - 0.5,82,Fragmented,
1788,N,Line,0.15 - 0.5,81,Fragmented,
1789,N,Line,0.15 - 0.5,79,Fragmented,
1790,N,Line,0.15 - 0.5,65,Fragmented,
1791,N,Line,0.15 - 0.5,58,Fragmented,
1792,N,Line,0.15 - 0.5,54,Fragmented,
1793,N,Line,0.15 - 0.5,42,Fragmented,
1794,N,Line,0.15 - 0.5,41,Fragmented,
1795,N,Line,0.15 - 0.5,35,Fragmented,
1796,N,Line,0.15 - 0.5,33,Fragmented,
1797,N,Line,0.15 - 0.5,32,Fragmented,
1798,N,Line,0.15 - 0.5,31,Fragmented,
1799,N,Line,0.15 - 0.5,30,Fragmented,
1800,N,Line,0.15 - 0.5,30,Fragmented,
1801,N,Line,0.15 - 0.5,25,Fragmented,
1802,N,Line,0.15 - 0.5,25,Fragmented,
1803,N,Line,0.15 - 0.5,23,Fragmented,
1804,N,Line,0.15 - 0.5,23,Fragmented,
1805,N,Line,0.15 - 0.5,23,Fragmented,
1806,N,Line,0.15 - 0.5,22,Fragmented,
1807,N,Line,0.15 - 0.5,20,Fragmented,
1808,N,Line,0.15 - 0.5,20,Fragmented,
1809,N,Line,0.15 - 0.5,20,Fragmented,
1810,N,Line,0.15 - 0.5,17,Fragmented,
1811,N,Line,0.15 - 0.5,15,Fragmented,
1812,N,Line,0.15 - 0.5,14,Fragmented,
1813,N,Line,0.15 - 0.5,13,Fragmented,
1814,N,Line,0.15 - 0.5,13,Fragmented,
1815,N,Line,0.15 - 0.5,12,Fragmented,
1816,N,Line,0.15 - 0.5,12,Fragmented,
1817,N,Line,0.15 - 0.5,12,Fragmented,
1818,N,Line,0.15 - 0.5,12,Fragmented,
1819,N,Line,0.15 - 0.5,11,Fragmented,
1820,N,Line,0.15 - 0.5,11,Fragmented,
1821,N,Line,0.15 - 0.5,11,Fragmented,
1822,N,Line,0.15 - 0.5,11,Fragmented,
1823,N,Line,0.15 - 0.5,11,Fragmented,
1824,N,Line,0.15 - 0.5,10,Fragmented,
1825,N,Line,0.15 - 0.5,10,Fragmented,
1826,N,Line,0.15 - 0.5,10,Fragmented,
1827,N,Line,0.15 - 0.5,10,Fragmented,
1828,N,Line,0.15 - 0.5,9,Fragmented,
1829,N,Line,0.15 - 0.5,8,Fragmented,
1830,N,Line,0.15 - 0.5,7,Fragmented,
1831,N,Line,0.15 - 0.5,7,Fragmented,
1832,N,Line,0.15 - 0.5,7,Fragmented,
1833,N,Line,0.15 - 0.5,7,Fragmented,
1834,N,Line,0.15 - 0.5,6,Fragmented,
1835,N,Line,0.15 - 0.5,6,Fragmented,
1836,N,Line,0.15 - 0.5,5,Fragmented,
1837,N,Line,0.15 - 0.5,5,Fragmented,
1838,N,Line,0.15 - 0.5,3,Fragmented,
1839,N,Line,0.15 - 0.5,3,Fragmented,
1840,N,Line,0.15 - 0.5,2,Fragmented,
1841,N,Net,> 50,2,Fragmented,
1842,N,Net,> 50,2,Fragmented,
1843,N,Net,> 50,1,Fragmented,
1844,N,Net,> 50,1,Fragmented,
1845,N,Net,> 50,1,Fragmented,
1846,N,Net,> 50,1,Fragmented,
1847,N,Net,> 50,1,Fragmented,
1848,N,Net,> 50,1,Fragmented,Ghost net
1849,N,Net,> 50,1,Fragmented,Ghost net
1850,N,Net,> 50,1,Fragmented,
1851,N,Net,> 50,1,Fragmented,Ghost net
1852,N,Net,> 50,1,Fragmented,Ghost net
1853,N,Net,> 50,1,Fragmented,Ghost net
1854,N,Net,> 50,1,Fragmented,Ghost net
1855,N,Net,> 50,1,Fragmented,Ghost net
1856,N,Net,> 50,1,Fragmented,
1857,N,Net,> 50,1,Fragmented,
1858,N,Net,> 50,1,Fragmented,
1859,N,Net,> 50,1,Fragmented,Ghost net
1860,N,Net,> 50,1,Fragmented,
1861,N,Net,> 50,1,Fragmented,Ghost net
1862,N,Net,> 50,1,Fragmented,
1863,N,Net,> 50,1,Fragmented,
1864,N,Net,10 - 50,3,Fragmented,
1865,N,Net,10 - 50,2,Fragmented,
1866,N,Net,10 - 50,2,Fragmented,
1867,N,Net,10 - 50,2,Fragmented,
1868,N,Net,10 - 50,1,Fragmented,
1869,N,Net,10 - 50,1,Fragmented,
1870,N,Net,10 - 50,1,Fragmented,
1871,N,Net,10 - 50,1,Fragmented,
1872,N,Net,10 - 50,1,Fragmented,
1873,N,Net,10 - 50,1,Fragmented,
1874,N,Net,10 - 50,1,Fragmented,
1875,N,Net,10 - 50,1,Fragmented,
1876,N,Net,10 - 50,1,Fragmented,
1877,N,Net,10 - 50,1,Fragmented,
1878,N,Net,10 - 50,1,Fragmented,
1879,N,Net,10 - 50,1,Fragmented,
1880,N,Net,10 - 50,1,Fragmented,
1881,N,Net,10 - 50,1,Fragmented,
1882,N,Net,10 - 50,1,Fragmented,
1883,N,Net,10 - 50,1,Fragmented,
1884,N,Net,10 - 50,1,Fragmented,
1885,N,Net,10 - 50,1,Fragmented,
1886,N,Net,10 - 50,1,Fragmented,
1887,N,Net,10 - 50,1,Fragmented,
1888,N,Net,10 - 50,1,Fragmented,
1889,N,Net,10 - 50,1,Fragmented,
1890,N,Net,10 - 50,1,Fragmented,
1891,N,Net,10 - 50,1,Fragmented,
1892,N,Net,10 - 50,1,Fragmented,
1893,N,Net,10 - 50,1,Fragmented,
1894,N,Net,10 - 50,1,Fragmented,
1895,N,Net,10 - 50,1,Fragmented,
1896,N,Net,10 - 50,1,Fragmented,
1897,N,Net,10 - 50,1,Fragmented,
1898,N,Net,10 - 50,1,Fragmented,
1899,N,Net,5 - 10,2,Fragmented,
1900,N,Net,5 - 10,1,Fragmented,
1901,N,Net,5 - 10,1,Fragmented,
1902,N,Net,5 - 10,1,Fragmented,
1903,N,Net,1.5 - 5,1,Fragmented,
1904,N,Net,1.5 - 5,1,Fragmented,
1905,N,Net,0.5 - 1.5,10,Fragmented,
1906,N,Net,0.5 - 1.5,3,Fragmented,
1907,N,Net,0.5 - 1.5,1,Fragmented,
1908,N,Net,0.5 - 1.5,1,Fragmented,
1909,N,Net,0.5 - 1.5,1,Fragmented,
1910,N,Net,0.5 - 1.5,1,Fragmented,
1911,N,Net,0.5 - 1.5,1,Fragmented,
1912,N,Net,0.5 - 1.5,1,Fragmented,
1913,N,Net,0.15 - 0.5,5,Fragmented,
1914,N,Net,0.15 - 0.5,5,Fragmented,
1915,N,Net,0.15 - 0.5,5,Fragmented,
1916,N,Net,0.15 - 0.5,4,Fragmented,
1917,N,Net,0.15 - 0.5,3,Fragmented,
1918,N,Net,0.15 - 0.5,3,Fragmented,
1919,N,Net,0.15 - 0.5,3,Fragmented,
1920,N,Net,0.15 - 0.5,2,Fragmented,
1921,N,Net,0.15 - 0.5,2,Fragmented,
1922,N,Net,0.15 - 0.5,2,Fragmented,
1923,N,Net,0.15 - 0.5,2,Fragmented,
1924,N,Net,0.15 - 0.5,2,Fragmented,
1925,N,Net,0.15 - 0.5,2,Fragmented,
1926,N,Net,0.15 - 0.5,2,Fragmented,
1927,N,Net,0.15 - 0.5,1,Fragmented,
1928,N,Net,0.15 - 0.5,1,Fragmented,
1929,N,Net,0.15 - 0.5,1,Fragmented,
1930,N,Net,0.15 - 0.5,1,Fragmented,
1931,N,Net,0.15 - 0.5,1,Fragmented,
1932,N,Net,0.15 - 0.5,1,Fragmented,
1933,N,Net,0.15 - 0.5,1,Fragmented,
1934,N,Net,0.15 - 0.5,1,Fragmented,
1935,N,Net,0.15 - 0.5,1,Fragmented,
1936,N,Net,0.15 - 0.5,1,Fragmented,
1937,N,Net,0.15 - 0.5,1,Fragmented,
1938,N,Net,0.15 - 0.5,1,Fragmented,
1939,N,Net,0.15 - 0.5,1,Fragmented,
1940,N,Net,0.15 - 0.5,1,Fragmented,
1941,N,Net,0.15 - 0.5,1,Fragmented,
1942,N,Net,0.15 - 0.5,1,Fragmented,
1943,N,Net,0.15 - 0.5,1,Fragmented,
1944,N,Net,0.15 - 0.5,1,Fragmented,
1945,N,Rope,> 50,15,Fragmented,
1946,N,Rope,> 50,9,Fragmented,
1947,N,Rope,> 50,9,Fragmented,
1948,N,Rope,> 50,9,Fragmented,
1949,N,Rope,> 50,7,Fragmented,
1950,N,Rope,> 50,7,Fragmented,
1951,N,Rope,> 50,7,Fragmented,
1952,N,Rope,> 50,6,Fragmented,
1953,N,Rope,> 50,5,Fragmented,
1954,N,Rope,> 50,4,Fragmented,
1955,N,Rope,> 50,4,Fragmented,
1956,N,Rope,> 50,4,Fragmented,
1957,N,Rope,> 50,3,Fragmented,
1958,N,Rope,> 50,3,Fragmented,
1959,N,Rope,> 50,3,Fragmented,
1960,N,Rope,> 50,3,Fragmented,
1961,N,Rope,> 50,3,Fragmented,
1962,N,Rope,> 50,3,Fragmented,
1963,N,Rope,> 50,3,Fragmented,
1964,N,Rope,> 50,3,Fragmented,
1965,N,Rope,> 50,3,Fragmented,
1966,N,Rope,> 50,3,Fragmented,
1967,N,Rope,> 50,2,Fragmented,
1968,N,Rope,> 50,2,Fragmented,
1969,N,Rope,> 50,2,Fragmented,
1970,N,Rope,> 50,2,Fragmented,
1971,N,Rope,> 50,2,Fragmented,
1972,N,Rope,> 50,2,Fragmented,
1973,N,Rope,> 50,2,Fragmented,
1974,N,Rope,> 50,2,Fragmented,
1975,N,Rope,> 50,2,Fragmented,
1976,N,Rope,> 50,2,Fragmented,
1977,N,Rope,> 50,2,Fragmented,
1978,N,Rope,> 50,2,Fragmented,
1979,N,Rope,> 50,2,Fragmented,
1980,N,Rope,> 50,2,Fragmented,
1981,N,Rope,> 50,2,Fragmented,
1982,N,Rope,> 50,1,Fragmented,
1983,N,Rope,> 50,1,Fragmented,
1984,N,Rope,> 50,1,Fragmented,
1985,N,Rope,> 50,1,Fragmented,
1986,N,Rope,> 50,1,Fragmented,
1987,N,Rope,> 50,1,Fragmented,
1988,N,Rope,> 50,1,Fragmented,
1989,N,Rope,> 50,1,Fragmented,
1990,N,Rope,> 50,1,Fragmented,
1991,N,Rope,> 50,1,Fragmented,
1992,N,Rope,> 50,1,Fragmented,
1993,N,Rope,> 50,1,Fragmented,
1994,N,Rope,> 50,1,Fragmented,
1995,N,Rope,> 50,1,Fragmented,
1996,N,Rope,> 50,1,Fragmented,
1997,N,Rope,> 50,1,Fragmented,
1998,N,Rope,> 50,1,Fragmented,
1999,N,Rope,> 50,1,Fragmented,
2000,N,Rope,> 50,1,Fragmented,
2001,N,Rope,> 50,1,Fragmented,
2002,N,Rope,> 50,1,Fragmented,
2003,N,Rope,> 50,1,Fragmented,
2004,N,Rope,> 50,1,Fragmented,
2005,N,Rope,> 50,1,Fragmented,
2006,N,Rope,10 - 50,20,Fragmented,
2007,N,Rope,10 - 50,19,Fragmented,
2008,N,Rope,10 - 50,18,Fragmented,
2009,N,Rope,10 - 50,18,Fragmented,
2010,N,Rope,10 - 50,14,Fragmented,
2011,N,Rope,10 - 50,12,Fragmented,
2012,N,Rope,10 - 50,12,Fragmented,
2013,N,Rope,10 - 50,11,Fragmented,
2014,N,Rope,10 - 50,11,Fragmented,
2015,N,Rope,10 - 50,11,Fragmented,
2016,N,Rope,10 - 50,9,Fragmented,
2017,N,Rope,10 - 50,9,Fragmented,
2018,N,Rope,10 - 50,9,Fragmented,
2019,N,Rope,10 - 50,9,Fragmented,
2020,N,Rope,10 - 50,9,Fragmented,
2021,N,Rope,10 - 50,8,Fragmented,
2022,N,Rope,10 - 50,8,Fragmented,
2023,N,Rope,10 - 50,8,Fragmented,
2024,N,Rope,10 - 50,8,Fragmented,
2025,N,Rope,10 - 50,7,Fragmented,
2026,N,Rope,10 - 50,7,Fragmented,
2027,N,Rope,10 - 50,7,Fragmented,
2028,N,Rope,10 - 50,7,Fragmented,
2029,N,Rope,10 - 50,7,Fragmented,
2030,N,Rope,10 - 50,7,Fragmented,
2031,N,Rope,10 - 50,7,Fragmented,
2032,N,Rope,10 - 50,7,Fragmented,
2033,N,Rope,10 - 50,6,Fragmented,
2034,N,Rope,10 - 50,6,Fragmented,
2035,N,Rope,10 - 50,6,Fragmented,
2036,N,Rope,10 - 50,6,Fragmented,
2037,N,Rope,10 - 50,6,Fragmented,
2038,N,Rope,10 - 50,6,Fragmented,
2039,N,Rope,10 - 50,6,Fragmented,
2040,N,Rope,10 - 50,6,Fragmented,
2041,N,Rope,10 - 50,6,Fragmented,
2042,N,Rope,10 - 50,6,Fragmented,
2043,N,Rope,10 - 50,6,Fragmented,
2044,N,Rope,10 - 50,6,Fragmented,
2045,N,Rope,10 - 50,6,Fragmented,
2046,N,Rope,10 - 50,6,Fragmented,
2047,N,Rope,10 - 50,5,Fragmented,
2048,N,Rope,10 - 50,5,Fragmented,
2049,N,Rope,10 - 50,5,Fragmented,
2050,N,Rope,10 - 50,5,Fragmented,
2051,N,Rope,10 - 50,5,Fragmented,
2052,N,Rope,10 - 50,5,Fragmented,
2053,N,Rope,10 - 50,5,Fragmented,
2054,N,Rope,10 - 50,5,Fragmented,
2055,N,Rope,10 - 50,5,Fragmented,
2056,N,Rope,10 - 50,5,Fragmented,
2057,N,Rope,10 - 50,5,Fragmented,
2058,N,Rope,10 - 50,5,Fragmented,
2059,N,Rope,10 - 50,5,Fragmented,
2060,N,Rope,10 - 50,5,Fragmented,
2061,N,Rope,10 - 50,5,Fragmented,
2062,N,Rope,10 - 50,5,Fragmented,
2063,N,Rope,10 - 50,5,Fragmented,
2064,N,Rope,10 - 50,5,Fragmented,
2065,N,Rope,10 - 50,5,Fragmented,
2066,N,Rope,10 - 50,5,Fragmented,
2067,N,Rope,10 - 50,4,Fragmented,
2068,N,Rope,10 - 50,4,Fragmented,
2069,N,Rope,10 - 50,4,Fragmented,
2070,N,Rope,10 - 50,4,Fragmented,
2071,N,Rope,10 - 50,4,Fragmented,
2072,N,Rope,10 - 50,4,Fragmented,
2073,N,Rope,10 - 50,4,Fragmented,
2074,N,Rope,10 - 50,4,Fragmented,
2075,N,Rope,10 - 50,4,Fragmented,
2076,N,Rope,10 - 50,4,Fragmented,
2077,N,Rope,10 - 50,4,Fragmented,
2078,N,Rope,10 - 50,4,Fragmented,
2079,N,Rope,10 - 50,4,Fragmented,
2080,N,Rope,10 - 50,4,Fragmented,
2081,N,Rope,10 - 50,4,Fragmented,
2082,N,Rope,10 - 50,4,Fragmented,
2083,N,Rope,10 - 50,4,Fragmented,
2084,N,Rope,10 - 50,4,Fragmented,
2085,N,Rope,10 - 50,4,Fragmented,
2086,N,Rope,10 - 50,4,Fragmented,
2087,N,Rope,10 - 50,4,Fragmented,
2088,N,Rope,10 - 50,4,Fragmented,
2089,N,Rope,10 - 50,4,Fragmented,
2090,N,Rope,10 - 50,4,Fragmented,
2091,N,Rope,10 - 50,4,Fragmented,
2092,N,Rope,10 - 50,4,Fragmented,
2093,N,Rope,10 - 50,4,Fragmented,
2094,N,Rope,10 - 50,4,Fragmented,
2095,N,Rope,10 - 50,3,Fragmented,
2096,N,Rope,10 - 50,3,Fragmented,
2097,N,Rope,10 - 50,3,Fragmented,
2098,N,Rope,10 - 50,3,Fragmented,
2099,N,Rope,10 - 50,3,Fragmented,
2100,N,Rope,10 - 50,3,Fragmented,
2101,N,Rope,10 - 50,3,Fragmented,
2102,N,Rope,10 - 50,3,Fragmented,
2103,N,Rope,10 - 50,3,Fragmented,
2104,N,Rope,10 - 50,3,Fragmented,
2105,N,Rope,10 - 50,3,Fragmented,
2106,N,Rope,10 - 50,3,Fragmented,
2107,N,Rope,10 - 50,3,Fragmented,
2108,N,Rope,10 - 50,3,Fragmented,
2109,N,Rope,10 - 50,3,Fragmented,
2110,N,Rope,10 - 50,3,Fragmented,
2111,N,Rope,10 - 50,3,Fragmented,
2112,N,Rope,10 - 50,3,Fragmented,
2113,N,Rope,10 - 50,3,Fragmented,
2114,N,Rope,10 - 50,3,Fragmented,
2115,N,Rope,10 - 50,3,Fragmented,
2116,N,Rope,10 - 50,3,Fragmented,
2117,N,Rope,10 - 50,3,Fragmented,
2118,N,Rope,10 - 50,3,Fragmented,
2119,N,Rope,10 - 50,3,Fragmented,
2120,N,Rope,10 - 50,3,Fragmented,
2121,N,Rope,10 - 50,3,Fragmented,
2122,N,Rope,10 - 50,3,Fragmented,
2123,N,Rope,10 - 50,3,Fragmented,
2124,N,Rope,10 - 50,3,Fragmented,
2125,N,Rope,10 - 50,3,Fragmented,
2126,N,Rope,10 - 50,3,Fragmented,
2127,N,Rope,10 - 50,3,Fragmented,
2128,N,Rope,10 - 50,3,Fragmented,
2129,N,Rope,10 - 50,3,Fragmented,
2130,N,Rope,10 - 50,3,Fragmented,
2131,N,Rope,10 - 50,3,Fragmented,
2132,N,Rope,10 - 50,3,Fragmented,
2133,N,Rope,10 - 50,2,Fragmented,
2134,N,Rope,10 - 50,2,Fragmented,
2135,N,Rope,10 - 50,2,Fragmented,
2136,N,Rope,10 - 50,2,Fragmented,
2137,N,Rope,10 - 50,2,Fragmented,
2138,N,Rope,10 - 50,2,Fragmented,
2139,N,Rope,10 - 50,2,Fragmented,
2140,N,Rope,10 - 50,2,Fragmented,
2141,N,Rope,10 - 50,2,Fragmented,
2142,N,Rope,10 - 50,2,Fragmented,
2143,N,Rope,10 - 50,2,Fragmented,
2144,N,Rope,10 - 50,2,Fragmented,
2145,N,Rope,10 - 50,2,Fragmented,
2146,N,Rope,10 - 50,2,Fragmented,
2147,N,Rope,10 - 50,2,Fragmented,
2148,N,Rope,10 - 50,2,Fragmented,
2149,N,Rope,10 - 50,2,Fragmented,
2150,N,Rope,10 - 50,2,Fragmented,
2151,N,Rope,10 - 50,2,Fragmented,
2152,N,Rope,10 - 50,2,Fragmented,
2153,N,Rope,10 - 50,2,Fragmented,
2154,N,Rope,10 - 50,2,Fragmented,
2155,N,Rope,10 - 50,2,Fragmented,
2156,N,Rope,10 - 50,2,Fragmented,
2157,N,Rope,10 - 50,2,Fragmented,
2158,N,Rope,10 - 50,2,Fragmented,
2159,N,Rope,10 - 50,2,Fragmented,
2160,N,Rope,10 - 50,2,Fragmented,
2161,N,Rope,10 - 50,2,Fragmented,
2162,N,Rope,10 - 50,2,Fragmented,
2163,N,Rope,10 - 50,2,Fragmented,
2164,N,Rope,10 - 50,2,Fragmented,
2165,N,Rope,10 - 50,2,Fragmented,
2166,N,Rope,10 - 50,1,Fragmented,
2167,N,Rope,10 - 50,1,Fragmented,
2168,N,Rope,10 - 50,1,Fragmented,
2169,N,Rope,10 - 50,1,Fragmented,
2170,N,Rope,10 - 50,1,Fragmented,
2171,N,Rope,10 - 50,1,Fragmented,
2172,N,Rope,10 - 50,1,Fragmented,
2173,N,Rope,10 - 50,1,Fragmented,
2174,N,Rope,10 - 50,1,Fragmented,
2175,N,Rope,10 - 50,1,Fragmented,
2176,N,Rope,10 - 50,1,Fragmented,
2177,N,Rope,10 - 50,1,Fragmented,
2178,N,Rope,10 - 50,1,Fragmented,
2179,N,Rope,10 - 50,1,Fragmented,
2180,N,Rope,10 - 50,1,Fragmented,
2181,N,Rope,10 - 50,1,Fragmented,
2182,N,Rope,10 - 50,1,Fragmented,
2183,N,Rope,10 - 50,1,Fragmented,
2184,N,Rope,10 - 50,1,Fragmented,
2185,N,Rope,10 - 50,1,Fragmented,
2186,N,Rope,10 - 50,1,Fragmented,
2187,N,Rope,10 - 50,1,Fragmented,
2188,N,Rope,10 - 50,1,Fragmented,
2189,N,Rope,10 - 50,1,Fragmented,
2190,N,Rope,10 - 50,1,Fragmented,
2191,N,Rope,10 - 50,1,Fragmented,
2192,N,Rope,10 - 50,1,Fragmented,
2193,N,Rope,10 - 50,1,Fragmented,
2194,N,Rope,10 - 50,1,Fragmented,
2195,N,Rope,10 - 50,1,Fragmented,
2196,N,Rope,10 - 50,1,Fragmented,
2197,N,Rope,10 - 50,1,Fragmented,
2198,N,Rope,10 - 50,1,Fragmented,
2199,N,Rope,10 - 50,1,Fragmented,
2200,N,Rope,10 - 50,1,Fragmented,
2201,N,Rope,10 - 50,1,Fragmented,
2202,N,Rope,10 - 50,1,Fragmented,
2203,N,Rope,10 - 50,1,Fragmented,
2204,N,Rope,10 - 50,1,Fragmented,
2205,N,Rope,10 - 50,1,Fragmented,
2206,N,Rope,10 - 50,1,Fragmented,
2207,N,Rope,5 - 10,21,Fragmented,
2208,N,Rope,5 - 10,18,Fragmented,
2209,N,Rope,5 - 10,16,Fragmented,
2210,N,Rope,5 - 10,13,Fragmented,
2211,N,Rope,5 - 10,12,Fragmented,
2212,N,Rope,5 - 10,12,Fragmented,
2213,N,Rope,5 - 10,12,Fragmented,
2214,N,Rope,5 - 10,10,Fragmented,
2215,N,Rope,5 - 10,10,Fragmented,
2216,N,Rope,5 - 10,10,Fragmented,
2217,N,Rope,5 - 10,10,Fragmented,
2218,N,Rope,5 - 10,9,Fragmented,
2219,N,Rope,5 - 10,9,Fragmented,
2220,N,Rope,5 - 10,8,Fragmented,
2221,N,Rope,5 - 10,6,Fragmented,
2222,N,Rope,5 - 10,6,Fragmented,
2223,N,Rope,5 - 10,6,Fragmented,
2224,N,Rope,5 - 10,6,Fragmented,
2225,N,Rope,5 - 10,5,Fragmented,
2226,N,Rope,5 - 10,5,Fragmented,
2227,N,Rope,5 - 10,5,Fragmented,
2228,N,Rope,5 - 10,4,Fragmented,
2229,N,Rope,5 - 10,4,Fragmented,
2230,N,Rope,5 - 10,3,Fragmented,
2231,N,Rope,5 - 10,3,Fragmented,
2232,N,Rope,5 - 10,3,Fragmented,
2233,N,Rope,5 - 10,2,Fragmented,
2234,N,Rope,5 - 10,2,Fragmented,
2235,N,Rope,5 - 10,2,Fragmented,
2236,N,Rope,5 - 10,2,Fragmented,
2237,N,Rope,5 - 10,1,Fragmented,
2238,N,Rope,5 - 10,1,Fragmented,
2239,N,Rope,5 - 10,1,Fragmented,
2240,N,Rope,5 - 10,1,Fragmented,
2241,N,Rope,5 - 10,1,Fragmented,
2242,N,Rope,5 - 10,1,Fragmented,
2243,N,Rope,5 - 10,1,Fragmented,
2244,N,Rope,5 - 10,1,Fragmented,
2245,N,Rope,5 - 10,1,Fragmented,
2246,N,Rope,1.5 - 5,30,Fragmented,
2247,N,Rope,1.5 - 5,18,Fragmented,
2248,N,Rope,1.5 - 5,16,Fragmented,
2249,N,Rope,1.5 - 5,16,Fragmented,
2250,N,Rope,1.5 - 5,13,Fragmented,
2251,N,Rope,1.5 - 5,12,Fragmented,
2252,N,Rope,1.5 - 5,11,Fragmented,
2253,N,Rope,1.5 - 5,10,Fragmented,
2254,N,Rope,1.5 - 5,9,Fragmented,
2255,N,Rope,1.5 - 5,9,Fragmented,
2256,N,Rope,1.5 - 5,9,Fragmented,
2257,N,Rope,1.5 - 5,8,Fragmented,
2258,N,Rope,1.5 - 5,8,Fragmented,
2259,N,Rope,1.5 - 5,7,Fragmented,
2260,N,Rope,1.5 - 5,5,Fragmented,
2261,N,Rope,1.5 - 5,5,Fragmented,
2262,N,Rope,1.5 - 5,5,Fragmented,
2263,N,Rope,1.5 - 5,5,Fragmented,
2264,N,Rope,1.5 - 5,5,Fragmented,
2265,N,Rope,1.5 - 5,5,Fragmented,
2266,N,Rope,1.5 - 5,4,Fragmented,
2267,N,Rope,1.5 - 5,4,Fragmented,
2268,N,Rope,1.5 - 5,4,Fragmented,
2269,N,Rope,1.5 - 5,4,Fragmented,
2270,N,Rope,1.5 - 5,4,Fragmented,
2271,N,Rope,1.5 - 5,4,Fragmented,
2272,N,Rope,1.5 - 5,3,Fragmented,
2273,N,Rope,1.5 - 5,3,Fragmented,
2274,N,Rope,1.5 - 5,3,Fragmented,
2275,N,Rope,1.5 - 5,3,Fragmented,
2276,N,Rope,1.5 - 5,3,Fragmented,
2277,N,Rope,1.5 - 5,3,Fragmented,
2278,N,Rope,1.5 - 5,3,Fragmented,
2279,N,Rope,1.5 - 5,3,Fragmented,
2280,N,Rope,1.5 - 5,2,Fragmented,
2281,N,Rope,1.5 - 5,2,Fragmented,
2282,N,Rope,1.5 - 5,2,Fragmented,
2283,N,Rope,1.5 - 5,2,Fragmented,
2284,N,Rope,1.5 - 5,2,Fragmented,
2285,N,Rope,1.5 - 5,2,Fragmented,
2286,N,Rope,1.5 - 5,2,Fragmented,
2287,N,Rope,1.5 - 5,2,Fragmented,
2288,N,Rope,1.5 - 5,1,Fragmented,
2289,N,Rope,1.5 - 5,1,Fragmented,
2290,N,Rope,1.5 - 5,1,Fragmented,
2291,N,Rope,1.5 - 5,1,Fragmented,
2292,N,Rope,1.5 - 5,1,Fragmented,
2293,N,Rope,1.5 - 5,1,Fragmented,
2294,N,Rope,0.5 - 1.5,38,Fragmented,
2295,N,Rope,0.5 - 1.5,38,Fragmented,
2296,N,Rope,0.5 - 1.5,35,Fragmented,
2297,N,Rope,0.5 - 1.5,34,Fragmented,
2298,N,Rope,0.5 - 1.5,33,Fragmented,
2299,N,Rope,0.5 - 1.5,30,Fragmented,
2300,N,Rope,0.5 - 1.5,30,Fragmented,
2301,N,Rope,0.5 - 1.5,27,Fragmented,
2302,N,Rope,0.5 - 1.5,26,Fragmented,
2303,N,Rope,0.5 - 1.5,23,Fragmented,
2304,N,Rope,0.5 - 1.5,20,Fragmented,
2305,N,Rope,0.5 - 1.5,20,Fragmented,
2306,N,Rope,0.5 - 1.5,20,Fragmented,
2307,N,Rope,0.5 - 1.5,19,Fragmented,
2308,N,Rope,0.5 - 1.5,18,Fragmented,
2309,N,Rope,0.5 - 1.5,17,Fragmented,
2310,N,Rope,0.5 - 1.5,16,Fragmented,
2311,N,Rope,0.5 - 1.5,16,Fragmented,
2312,N,Rope,0.5 - 1.5,14,Fragmented,
2313,N,Rope,0.5 - 1.5,13,Fragmented,
2314,N,Rope,0.5 - 1.5,13,Fragmented,
2315,N,Rope,0.5 - 1.5,12,Fragmented,
2316,N,Rope,0.5 - 1.5,12,Fragmented,
2317,N,Rope,0.5 - 1.5,12,Fragmented,
2318,N,Rope,0.5 - 1.5,11,Fragmented,
2319,N,Rope,0.5 - 1.5,11,Fragmented,
2320,N,Rope,0.5 - 1.5,11,Fragmented,
2321,N,Rope,0.5 - 1.5,11,Fragmented,
2322,N,Rope,0.5 - 1.5,10,Fragmented,
2323,N,Rope,0.5 - 1.5,10,Fragmented,
2324,N,Rope,0.5 - 1.5,9,Fragmented,
2325,N,Rope,0.5 - 1.5,9,Fragmented,
2326,N,Rope,0.5 - 1.5,9,Fragmented,
2327,N,Rope,0.5 - 1.5,8,Fragmented,
2328,N,Rope,0.5 - 1.5,7,Fragmented,
2329,N,Rope,0.5 - 1.5,7,Fragmented,
2330,N,Rope,0.5 - 1.5,7,Fragmented,
2331,N,Rope,0.5 - 1.5,7,Fragmented,
2332,N,Rope,0.5 - 1.5,7,Fragmented,
2333,N,Rope,0.5 - 1.5,6,Fragmented,
2334,N,Rope,0.5 - 1.5,6,Fragmented,
2335,N,Rope,0.5 - 1.5,5,Fragmented,
2336,N,Rope,0.5 - 1.5,5,Fragmented,
2337,N,Rope,0.5 - 1.5,4,Fragmented,
2338,N,Rope,0.5 - 1.5,4,Fragmented,
2339,N,Rope,0.5 - 1.5,4,Fragmented,
2340,N,Rope,0.5 - 1.5,3,Fragmented,
2341,N,Rope,0.5 - 1.5,3,Fragmented,
2342,N,Rope,0.5 - 1.5,3,Fragmented,
2343,N,Rope,0.5 - 1.5,2,Fragmented,
2344,N,Rope,0.5 - 1.5,2,Fragmented,
2345,N,Rope,0.5 - 1.5,2,Fragmented,
2346,N,Rope,0.5 - 1.5,2,Fragmented,
2347,N,Rope,0.5 - 1.5,1,Fragmented,
2348,N,Rope,0.5 - 1.5,1,Fragmented,
2349,N,Rope,0.5 - 1.5,1,Fragmented,
2350,N,Rope,0.5 - 1.5,1,Fragmented,
2351,N,Rope,0.15 - 0.5,170,Fragmented,
2352,N,Rope,0.15 - 0.5,114,Fragmented,
2353,N,Rope,0.15 - 0.5,109,Fragmented,
2354,N,Rope,0.15 - 0.5,68,Fragmented,
2355,N,Rope,0.15 - 0.5,65,Fragmented,
2356,N,Rope,0.15 - 0.5,64,Fragmented,
2357,N,Rope,0.15 - 0.5,62,Fragmented,
2358,N,Rope,0.15 - 0.5,57,Fragmented,
2359,N,Rope,0.15 - 0.5,55,Fragmented,
2360,N,Rope,0.15 - 0.5,53,Fragmented,
2361,N,Rope,0.15 - 0.5,53,Fragmented,
2362,N,Rope,0.15 - 0.5,50,Fragmented,
2363,N,Rope,0.15 - 0.5,45,Fragmented,
2364,N,Rope,0.15 - 0.5,44,Fragmented,
2365,N,Rope,0.15 - 0.5,44,Fragmented,
2366,N,Rope,0.15 - 0.5,38,Fragmented,
2367,N,Rope,0.15 - 0.5,36,Fragmented,
2368,N,Rope,0.15 - 0.5,35,Fragmented,
2369,N,Rope,0.15 - 0.5,33,Fragmented,
2370,N,Rope,0.15 - 0.5,32,Fragmented,
2371,N,Rope,0.15 - 0.5,29,Fragmented,
2372,N,Rope,0.15 - 0.5,28,Fragmented,
2373,N,Rope,0.15 - 0.5,27,Fragmented,
2374,N,Rope,0.15 - 0.5,26,Fragmented,
2375,N,Rope,0.15 - 0.5,21,Fragmented,
2376,N,Rope,0.15 - 0.5,19,Fragmented,
2377,N,Rope,0.15 - 0.5,18,Fragmented,
2378,N,Rope,0.15 - 0.5,17,Fragmented,
2379,N,Rope,0.15 - 0.5,17,Fragmented,
2380,N,Rope,0.15 - 0.5,17,Fragmented,
2381,N,Rope,0.15 - 0.5,16,Fragmented,
2382,N,Rope,0.15 - 0.5,15,Fragmented,
2383,N,Rope,0.15 - 0.5,15,Fragmented,
2384,N,Rope,0.15 - 0.5,14,Fragmented,
2385,N,Rope,0.15 - 0.5,14,Fragmented,
2386,N,Rope,0.15 - 0.5,13,Fragmented,
2387,N,Rope,0.15 - 0.5,13,Fragmented,
2388,N,Rope,0.15 - 0.5,13,Fragmented,
2389,N,Rope,0.15 - 0.5,13,Fragmented,
2390,N,Rope,0.15 - 0.5,11,Fragmented,
2391,N,Rope,0.15 - 0.5,11,Fragmented,
2392,N,Rope,0.15 - 0.5,11,Fragmented,
2393,N,Rope,0.15 - 0.5,11,Fragmented,
2394,N,Rope,0.15 - 0.5,10,Fragmented,
2395,N,Rope,0.15 - 0.5,10,Fragmented,
2396,N,Rope,0.15 - 0.5,10,Fragmented,
2397,N,Rope,0.15 - 0.5,10,Fragmented,
2398,N,Rope,0.15 - 0.5,10,Fragmented,
2399,N,Rope,0.15 - 0.5,9,Fragmented,
2400,N,Rope,0.15 - 0.5,8,Fragmented,
2401,N,Rope,0.15 - 0.5,8,Fragmented,
2402,N,Rope,0.15 - 0.5,8,Fragmented,
2403,N,Rope,0.15 - 0.5,7,Fragmented,
2404,N,Rope,0.15 - 0.5,7,Fragmented,
2405,N,Rope,0.15 - 0.5,6,Fragmented,
2406,N,Rope,0.15 - 0.5,5,Fragmented,
2407,N,Rope,0.15 - 0.5,5,Fragmented,
2408,N,Rope,0.15 - 0.5,3,Fragmented,
2409,N,Rope,0.15 - 0.5,3,Fragmented,
2410,N,Rope,0.15 - 0.5,1,Fragmented,
